url,response_code
12minutos.com,200
16wmpo.com,200
20minutenews.com,404
247newsmedia.com,200
24aktuelles.com,200
24online.news,200
24usainfo.com,exception
24wpn.com,200
abcnews.com.co,200
actualite.co,200
actualites.co,200
adobochronicles.com,200
alabamaobserver.com,200
aldipest.com,200
alertchild.com,200
alynews.com,200
americafans.com,403
americanflare.com,200
americanflavor.news,200
americanjournalreview.com,200
americanpeoplenetwork.com,200
americanpoliticnews.co,200
americanpresident.co,200
americanprides.com,200
americasnewest.com,exception
amposts.com,200
anews-24.com,200
anews24.org,200
angrypatriotmovement.com,404
anonjekloy.tk,exception
areyouasleep.com,200
asamericanasapplepie.org,200
associatedmediacoverage.com,200
aurora-news.us,200
badcriminals.com,200
baldwinpost.com,exception
baltimoregazette.com,200
battypost.com,exception
bb4sp.com,200
beforeitsnews.com,200
belgique.actualites.co,exception
bients.com,200
bigbluevision.org,exception
bignuggetnews.com,exception
bizstandardnews.com,200
bluevision.news,exception
bluevisionpost.com,exception
borderherald.com,200
bostonleader.com,200
breakingtop.world,exception
burrardstreetjournal.com,200
butthatsnoneofmybusiness.com,exception
buzzfeedusa.com,200
cartelpress.com,200
cartelreport.com,200
celebtricity.com,200
channel16news.com,200
channel17news.com,403
channel18news.com,200
channel22news.com,403
channel23news.com,403
channel28news.com,403
channel34news.com,403
channel45news.com,403
channel5000.com,200
choiceandtruth.com,403
christiantimesnewspaper.com,200
christiantoday.info,200
chuckcallesto.blogspot.com,404
civictribune.com,exception
clancyreport.com,200
clashdaily.com,200
clear-politics.com,200
cnn.com.de,200
cnnews3.com,200
consciouslyenlightened.com,exception
conservativearmy88.com,200
conservativedailypost.com,200
conservativeflashnews.com,200
conservativeinfocorner.com,exception
conservativeinsider.co,exception
conservativespirit.com,200
conservativestudio.com,200
consnation.com,200
cooltobeconservative.com,200
daily-sun.com,200
dailycurrant.com,200
dailyfinesser.com,200
dailyinfobox.com,exception
dailyinsidernews.com,200
dailynews10.com,200
dailynews11.com,200
dailynews3.com,200
dailynews33.com,exception
dailynews5.com,403
dailynewsposts.info,200
dailyoccupation.com,exception
dailypresser.com,404
dailysurge.com,200
dailyusaupdate.com,200
damnleaks.com,200
democraticmoms.com,404
denverguardian.com,200
denverinquirer.com,400
departed.co,200
departedmedia.com,exception
dineal.com,200
disclose.tv,200
diyhours.net,exception
donaldtrumpnews.co,200
donaldtrumppotus45.com,200
drugsofficial.com,200
embols.com,200
empireherald.com,200
empirenews.net,200
empiresports.co,200
en-volve.com,200
en.mediamass.net,200
endingthefed.com,200
enhlive.com,200
everydaybreakingnews.com,200
everynewshere.com,200
famousviralstories.com,403
fanzinger.com,200
federalistnation.com,exception
federalisttribune.com,200
fedsalert.com,200
flashinfo.org,200
flashnewscorner.com,200
floridasunpost.com,200
focusnews.info,200
folksvideo.com,200
fox-news24.com,200
france.actualites.co,exception
freddymag.com,406
freedomcrossroads.us,200
freedomdaily.com,200
freedomsfinalstand.com,200
freshdailyreport.com,exception
friendsofsyria.wordpress.com,200
givemeliberty01.com,200
globalassociatednews.com,exception
globalpoliticsnow.com,200
greenvillegazette.com,200
guerilla.news,200
guerillanews.com,403
gummypost.com,200
halturnershow.com,200
headlinebrief.com,200
healthyworldhouse.com,200
heaviermetal.net,200
hotglobalnews.com,200
houstonchronicle-tv.com,200
huzlers.com,200
ilovemyfreedom.org,200
interestingdailynews.com,exception
intrendtoday.com,200
ipatriot.com,200
isthatlegit.com,200
jokerviral.com,exception
kata33.com,exception
klponews.com,200
km8news.com,404
kmt11.com,200
knp7.com,200
konkonsagh.biz,200
krbcnews.com,200
kspm33.com,200
kupr7.com,200
ky12news.com,200
ky6news.com,exception
kypo6.com,200
ladylibertysnews.com,400
landrypost.com,exception
lastdeplorables.com,exception
liberalplug.com,200
liberty-courier.com,exception
libertyalliance.com,200
libertywritersnews.com,exception
local31news.com,exception
localnews33.com,200
londonwebnews.com,200
lopezreport.com,exception
madworldnews.com,200
mainerepublicemailalert.com,200
majorthoughts.com,200
maywoodpost.com,exception
mbynews.com,200
mckenziepost.com,403
mediazone.news,403
metropolitanworlds.com,exception
mississippiherald.com,200
morningnewsusa.com,exception
mrnewswatch.com,exception
msfanpage.link,exception
msnbc.website,200
nationalinsiderpolitics.com,exception
nationalreport.net,200
nbc.com.co,200
ncscooper.com,200
neonnettle.com,200
nephef.com,200
nevo.news,exception
newpoliticstoday.com,200
news14kgpn.com,exception
news14now.com,exception
news4ktla.com,200
newsbiscuit.com,200
newsbreakingspipe.com,exception
newsbreakshere.com,200
newsbuzzdaily.com,200
newsbysquad.com,200
newsdaily10.com,exception
newsdaily12.com,200
newsdaily27.com,200
newsexaminer.net,200
newsfeedhunter.com,200
newsfeedobserver.com,exception
newshubs.info,200
newsjustforyou1.blogspot.com,200
newsleak.co,200
newslo.com,200
newsnow17.com,exception
newswatch33.com,403
newzmagazine.com,200
notallowedto.com,403
noticias365.info,200
now8news.com,200
nymeta.co,200
occupydemocrats.com,200
onepoliticalplaza.com,200
openmagazines.com,200
oreillypost.com,200
ourlandofthefree.com,200
paris.actualites.co,exception
patriothangout.com,200
persecutes.com,200
politicops.com,200
politicot.com,200
politicsusanews.com,200
powerdaily.us,exception
president45donaldtrump.com,exception
pressunion.org,200
prntly.com,200
proudleader.com,exception
qualitysharing.com,200
react365.com,200
readconservatives.news,200
realnewsrightnow.com,200
redcountry.us,200
redinfo.us,exception
redrocktribune.com,200
redstatewatcher.com,200
religionmind.com,200
rickwells.us,500
rilenews.com,200
rogue-nation3.com,200
rumorjournal.com,exception
satiratribune.com,200
scrapetv.com,200
smhwtfnews.com,exception
snoopack.com,exception
socialeverythings.com,200
southernconservativeextra.com,exception
spinzon.com,200
statenation.co,exception
states-tv.com,200
stgeorgegazette.com,403
straightstoned.com,200
stuppid.com,200
success-street.com,200
supremepatriot.com,200
tdnewswire.com,exception
tdtalliance.com,200
teddystick.com,403
telegraphsun.com,200
the-insider.co,200
the-postillon.com,404
theavocadonews.com,exception
thebostontribune.com,200
thebreakingnews.co,200
theexaminer.site,exception
thefrt.com,200
theinternationalreporter.org,200
theinternetpost.net,200
thelastlineofdefense.org,200
themoralofthestory.us,200
thenationalsun.com,200
thenet24h.com,exception
thenewsnerd.com,200
thenewyorkevening.com,200
thenochill.com,403
thepoliticaltribune.com,200
thepremiumnews.com,200
theracketreport.com,200
thereporterz.com,200
therightists.com,200
theseattletribune.com,200
thetrumpmedia.com,exception
theusa-news.com,200
theusaconservative.com,200
thevalleyreport.com,403
thewashingtonpress.com,404
times.com.mx,200
tmzbreaking.com,200
tmzbusiness.com,404
tmzcomedy.com,200
tmzhiphop.com,200
tmzuncut.com,200
tmzurban.com,200
tmzworldnews.com,200
tmzworldstarnews.com,exception
trueamericans.me,exception
truetrumpers.com,200
truthkings.com,exception
undergroundnewsreport.com,200
unitedmediapublishing.com,406
universepolitics.com,200
usa-conservative.com,exception
usa-radio.com,200
usa-television.com,200
usadailyinfo.com,200
usadailypost.us,200
usadailytime.com,exception
usadosenews.com,200
usafirstinformation.com,exception
usanews4u.us,exception
usanewsflash.com,200
usanewshome.com,200
usanewstoday.com,200
usapolitics24hrs.com,200
usapoliticsnow.com,200
usapoliticstoday.com,403
usapoliticszone.com,exception
usasnich.com,200
usatodaynews.me,exception
usatodaypolitics.com,exception
usaworldbox.com,406
ushealthyadvisor.com,200
ushealthylife.com,200
usherald.com,exception
usinfonews.com,200
uspoln.com,200
uspostman.com,200
vesselnews.io,200
viralactions.com,200
viralcocaine.com,200
viralcords.com,200
viraldevil.com,200
viralmugshot.com,200
viralpropaganda.com,200
viralspeech.com,404
viralstuppid.com,404
voxtribune.com,200
washingtonevening.com,200
washingtonfeed.com,200
washingtonpost.com.co,exception
wazanews.tk,exception
wcpm3.com,exception
weconservative.com,200
weekendherald.com,200
wetheproudpatriots.com,200
wftj8news.com,exception
whatsupic.com,exception
witscience.org,200
wleb21.com,406
wm21news.com,200
wmacnews.com,exception
wmb36.com,exception
world-politicus.com,200
worldinformation24.info,exception
worldnewsdailyreport.com,200
worldnewspolitics.com,200
worldpoliticsnow.com,exception
worldpoliticus.com,500
wrejnews.com,exception
wrpt16.com,exception
wtoe5news.com,200
xbn-news.com,exception
yesimright.com,200
yournewswire.com,200
zootfeed.com,200
100percentfedup.com,403
2ndvote.com,200
activistpost.com,403
afa.net,200
ahtribune.com,exception
allenbwest.com,403
americannews.com,exception
americantoday.news,200
americasfreedomfighters.com,200
anonews.co,200
anonhq.com,200
awarenessact.com,200
barenakedislam.com,200
bipartisanreport.com,200
channel-7-news.com,200
collective-evolution.com,exception
concealednation.org,200
conservativefiringline.com,200
conservativeoutfitters.com,402
conservativepost.com,200
conservativetribune.com,200
crooksandliars.com,200
dailycaller.com,200
dailyheadlines.net,200
dailynewsbin.com,200
dailypost.ng,200
dailystormer.com,exception
dailywire.com,200
davidwolfe.com,200
dcclothesline.com,200
defund.com,200
dennismichaellynch.com,403
downtrend.com,200
endoftheamericandream.com,200
endtimeheadlines.org,200
eutimes.net,406
express.co.uk,200
fellowshipoftheminds.com,200
frontpagemag.com,200
fury.news,exception
getoffthebs.com,exception
gopthedailydose.com,exception
gotnews.com,200
healthnutnews.com,406
heatst.com,200
impulsetoday.com,500
infowars.com,200
inquisitr.com,200
iotwreport.com,200
joeforamerica.com,200
jookos.com,exception
judicialwatch.org,403
louderwithcrowder.com,200
medicalkidnap.com,200
myfreshnews.com,200
naturalnews.com,200
newcenturytimes.com,200
newsrescue.com,200
nowtheendbegins.com,403
observatorial.com,200
onlysimchas.com,200
palmerreport.com,200
pamelageller.com,403
powdeRedwigsociety.com,200
qpolitical.com,200
Redflagnews.com,exception
regated.com,200
religiousmind.com,200
rightsidenews.com,200
rightwingnews.com,200
shariaunveiled.wordpress.com,410
sourceplanet.net,406
stateofthenation2012.com,200
superstation95.com,200
theconservativetreehouse.com,200
theeventchronicle.com,200
thefederalistpapers.org,200
thefreepatriot.org,200
thegatewaypundit.com,200
thehornnews.com,200
thelastamericanvagabond.com,200
themindunleashed.com,403
thenationalpatriot.com,406
thenewsclub.info,406
tmn.today,403
toprightnews.com,exception
tribunist.com,521
trueactivist.com,200
trunews.com,200
truthfeed.com,200
truthuncensoRed.net,200
usasupreme.com,200
uschronicle.com,exception
viralliberty.com,200
wearechange.org,200
westernsentinel.com,200
whatdoesitmean.com,exception
wnd.com,200
worldtruth.tv,200
youngcons.com,404
zerohedge.com,200
eaglerising.com,exception
proudcons.com,200
usuncut.com,200
allenwestrepublic.com,200
chicksontheright.com,200
conservativebyte.com,exception
ihavethetruth.com,200
tacticalinvestor.com,200
nutra-lifestyle.com,exception
therealstrategy.com,403
24x365live.com,exception
abcnews-us.com,200
albertatimes.com,200
areyousleep.com,200
breakingnews247.net,200
breakingnews365.net,200
channel24news.com,403
channel33news.com,403
channel40news.com,403
channel46news.com,403
channel55news.com,200
channel56news.com,200
channel59news.com,200
channel60news.com,200
channel62news.com,200
channel63news.com,200
channel65news.com,200
channel66news.com,200
channel68news.com,200
channel77news.com,200
cnn-globalnews.com,exception
cnn-internationaledition.com,exception
cnoticias.net,200
countyweekly.com,exception
dailyworldupdate.com,exception
dallastimes.us,exception
dublintribune.com,200
en-bref.fr,200
freeinquirer.com,exception
freewoodpost.com,exception
houstonleader.com,200
jacksontelegraph.com,200
journaldemourreal.com,200
ladiesofliberty.net,exception
mediamass.net,200
nachrichten.de.com,200
nachrichten365.com,200
net-infosnews.com,200
newjournal.us,exception
newsconservative.com,200
newspunch.com,200
noticias-frescas.com,200
notizzia.com,200
potatriotpost.com,exception
reaganwasright.com,200
scaryhours.com,200
sundayinquirer.com,200
sundaypost.org,406
surreytelegraph.com,exception
sydneybulletin.com,exception
thelastlineofdefense.online,200
timesofcambodia.com,200
tmzworldstar.com,404
toutelinfo.fr,200
unitednews.org,exception
vancouverinquirer.com,exception
viralstupid.com,exception
a-news24.com,200
AmericanToday.us,200
ANews24.org/,200
AntiNews.com,200
ArmyUSANews.com,exception
Attitude.co.uk,exception
BenjaminFulford.typepad.com,200
BestThings.us,200
BlackInsuranceNews.com,200
BlueLineStrong.net,exception
BreakingNewsBlast.com,200
CannaSOS.com,200
City-Herald.com,exception
CNewsGo.com,exception
CoffeeBreakForYou.com,exception
Conservative7.com,exception
Conservative101.com,200
ConservativePaper.com,200
ConservativePoliticus.com,exception
ConservativeView.info,exception
DailyBuzzLive.com,200
DailyFeed.news,200
DailySidNews.com,200
DailyThings.world,200
DefenseUsa.club,exception
DemocraticUnderground.com,200
DepartedMe.com,200
FactRider.com,200
FirstPost.com,200
ForFreedomWorld.com,exception
FreeInfoMedia.com,403
FreeRepublic.com,200
GlobalRevolutionNetwork.com,exception
HealthyCareAndBeauty.com,200
HeightPost.com,200
HigherPerspectives.com,200
IdeaSpots.com,200
ILoveNativeAmericans.us,exception
IndiaTimes.com,200
IndependentMinute.com,200
JewsNews.co.il,200
LearnProgress.org,200
MacedoniaOnline.eu,200
MediaMaxZone.com,exception
Mentor2day.com,200
Nation.com.pk,200
NativeAmericans.us,200
NativeStuff.us,200
NewsBreakHere.com,exception
NewsForMeToday.com,exception
NewsOfTrump.com,exception
NewsPhD.com,exception
NewsUpToday.com,200
NNettle.com,200
PatriotCrier.com,exception
PatriotUSA.website,exception
PoliticalMayhem.news,200
PoliticsPaper.com,200
PositiveDaily.com,200
Postcard.news,200
PuppetStringNews.com,200
RearFront.com,200
RedPolitics.us,exception
ReflectionofMind.org,200
Revolutions2040.com,200
Smag31.com,200
StillnessInTheStorm.com,403
TeaParty.org,403
TEOinfo.com,200
ThatViralFeed.net,200
TheBigRiddle.com,200
The-Global-News.com,exception
TheNationalMarijuanaNews.com,exception
ThePoliticalInsider.com,200
TheRooster.com,200
TheSmokersClub.com,200
TheSolExchange.com,200
TheWorldUpdate.com,200
ThirdEstateNewsGroup.com,200
TopInfoPost.con,exception
UrbanImageMagazine.com,200
Urdoca.com,200
USTruthWIre.com,200
USA360-TV.com,200
USADailyThings24.com,exception
USPoliticsInfo.com,200
USAConservativeReport.com,exception
VeteransForDonaldTrump.com,200
WeekendPoliticalNews.com,exception
WeLoveNative.com,200
WhyDontYouTryThis.com,200
WorldNewsCircle.com,exception
World.Politics.com,exception
maga2020.us,exception
z3news.com,200
yc.news,200
xinhuanet.com,200
news.cn,200
worldstarhiphop.com,200
facebook.com/womensrightsnews,200
womenarehuman.com,200
wokesloth.com,exception
thepublicdiscourse.com,403
westoctimes.com,403
westernjournal.com,200
wethepeopledaily.com,403
waynedupree.com,200
washingtontimes.com,200
thewashingtonpundit.com,200
waronfakes.com,200
wallbuilders.com,200
voiceofeurope.com,520
vidmax.com,200
vdare.com,200
en.radiovaticana.va,200
bloodandsoil.org,403
ussanews.com,200
usrightleft.com,200
usanetwork.info,200
usareally.com,exception
usaisonline.com,200
usnationalnews.org,exception
uslibertywire.com,200
uslibertywire.club,exception
usbacklash.org,200
uniteamericafirst.com,200
understandingthethreat.com,200
uncoverdc.com,200
unclesamsmisguidedchildren.com,403
tpusa.com,403
truthinmedia.com,403
truthbasedmedia.com,200
truthandaction.org,200
trumptrainnews.com,200
trump.news,200
trueviralnews.com,200
truthexam.com,423
tplnews.com,403
townhall.com,200
toptopic.club,200
toddstarnes.com,200
chicagodaily.pro,exception
thinkamericana.com,200
thewashingtonstandard.com,200
thewashingtonsentinel.com,200
unz.com,200
theunionjournal.com,200
thetruthvoice.net,404
digifection.com,406
tehrantimes.com,200
thespectator.info,403
sonsoflibertymedia.com,200
thescoop.us,403
sciencetimes.com,200
thescinewsreporter.com,200
therightstuff.biz,403
remnantnewspaper.com,520
thereligionofpeace.com,200
theredelephants.com,404
thepostemail.com,200
thepolitics.online,404
thepoliticalbrief.com,exception
other98.com,200
thenational.ae,200
thenationalpulse.com,200
themillenniumreport.com,403
eng.majalla.com,200
thelibertyeagle.com,200
thelibertydaily.com,403
thelaughclub.net,200
lastresistance.com,200
thelapost.com,200
thegrayzone.com,200
freetelegraph.com,200
thefreedomtimes.com,200
fairus.org,200
economictimes.indiatimes.com,200
theduran.com,200
thedcpatriot.com,200
dailyboulder.com,403
thedailybell.com,200
conservativepapers.com,exception
theconservativecentral.com,406
theconservativebrief.com,403
buffalochronicle.com,200
theblacksphere.net,200
thebeltwayreport.com,200
thebeardedpatriot.com,403
theamericanmirror.com,403
africanexponent.com,200
telesurtv.net,200
techstartups.com,200
teapartypatriots.org,200
tbdailynews.com,403
tasnimnews.com,200
takimag.com,403
syrianews.cc,200
swcoloradonews.com,403
swarajyamag.com,200
swampdrain.com,200
survivalblog.com,200
supportisraelnow.com,200
summit.news,200
speech-point.com,404
stonecoldtruth.com,404
stateofthenation.co,200
staresattheworld.com,406
it.sputniknews.com,200
snanews.de,200
fr.sputniknews.com,200
sputniknews.com,200
southlaketoday.com,403
southjeffconews.com,403
sonsof1776.com,403
southafricatoday.net,200
sickchirpse.com,exception
shtfplan.com,200
shafaaq.com,200
selatimes.com,403
secureamericanow.org,200
smobserved.com,200
sanmateosun.com,403
santacruzstandard.com,403
santaclaratoday.com,403
sanjosestandard.com,403
sanjoaquintimes.com,403
sanfransun.com,403
sandiegocitywire.com,403
sacramentostandard.com,403
ruthinstitute.org,406
tass.com,200
russia-insider.com,200
rushlimbaugh.com,200
ruptly.tv,200
rumble.com,200
rudaw.net,200
rt.com,200
de.rt.com,200
rodong.rep.kp/en,exception
rightwingtribune.com,200
righterway.com,200
ria.ru,200
revolver.news,200
gop.com,403
republicandaily.net,exception
renewamerica.com,200
reedcooper.net,200
redwoodempirenews.com,403
redice.tv,200
reddingtoday.com,403
redbluedivide.com,200
goodsciencing.com,200
realconservativesunite.com,200
rawconservativeopinions.com,503
rationalground.com,403
quillette.com,200
protrumpnews.com,403
projectveritas.com,200
presstv.com,200
presscalifornia.com,200
pravdareport.com,200
prageru.com,200
pop.org,200
pomonavalleynews.com,403
politicsonline.net,404
politifact.news,200
politicalstate.org,526
politicalflare.com,200
political-discussion.com,exception
pmnightlynews.com,200
personalliberty.com,200
personalinterpretation.com,exception
perezhilton.com,200
pcmustdie.com,200
patrioticviralnews.com,403
parler.com,200
pacificpundit.com,406
overpassesforamerica.com,exception
outragedpatriot.com,200
oathkeepers.org,exception
oaklandcitywire.com,403
mydailyfreedom.com,200
nwriversidenews.com,403
nwlatimes.com,403
nationalrighttolifenews.org,200
nowthisnews.com,200
noqreport.com,200
youtube.com/nextnewsnetwork,200
newswars.com,200
en.newsner.com,200
newsammo.com,200
newswithviews.com,200
newsservis.com,exception
newsready.com,200
newspushed.com,exception
newsheist.com,200
newsbreak.com,exception
newsblaze.com,200
news18.com,200
newnation.org,200
journal-neo.org,200
nationalvanguard.org,200
nrlc.org,406
home.nra.org,200
nationalpolicy.institute,200
nationalenquirer.com,200
natall.com,200
myrightamerica.com,200
msmlies.com,200
front.moveon.org,200
moonbattery.com,200
mondoweiss.net,200
mixi.media,200
memri.org,200
meforum.org,200
middleamericandemocrat.com,403
en.metapedia.org,200
en.mehrnews.com,200
magadailyreport.com,200
lucianne.com,200
litchfieldhillstoday.com,403
libertytalk.fm,200
libertybell.com,403
lewrockwell.com,403
leftexposed.org,404
leftaction.com,200
lancastercourier.com,200
ladbible.com,200
kcna.kp,exception
katehon.com,200
justthefacts.org,200
profam.org,200
ihr.org,406
innerstrength.zone,200
infoscum.com,200
informationliberation.com,200
independentsentinel.com,200
infogalactic.com,403
imowired.com,200
illicitinfo.com,200
illegalaliencrimereport.com,200
ihypocrite.net,200
ihatethemedia.com,403
hoggwatch.com,200
heartland.org,200
headtopics.com,200
en.hawarnews.com,403
hartfordreporter.com,403
hannity.com,403
hangthebankers.com,200
gulfnews.com,200
gucmakale.com,200
greatamericanrepublic.com,200
greatamericandaily.com,200
en.granma.cu,200
grainoftruth.ca,200
gop.gov,200
goodgopher.com,200
godfatherpolitics.com,exception
thegoodlordabove.com,404
globemagazine.com,200
girlsjustwannahaveguns.com,403
ghost.report,200
geologyin.com,200
gatestoneinstitute.org,200
free-speechfront.info,404
freedomproject.com,403
freedomnewsreport.com,403
freedomfirstnetwork.com,200
fortherightnews.com,403
foreignpolicyi.org,200
focusonthefamily.com,403
usafortrumponline.com,exception
flagandcross.com,200
femalista.com,200
federalistpress.com,200
fashthenation.com,200
familysurvivalheadlines.com,200
frc.org,200
factswanted.com,200
factcheckingturkey.com,200
explainlife.com,exception
abcbusinessnews.com,200
evil.news,200
everytown.org,403
endthefed.org,200
emirates247.com,exception
dnyuz.com,200
djhjmedia.com,200
discoverthenetworks.org,200
deplorablekel.com,200
democrats.org,200
defiantamerica.com,200
defendingtherepublic.org,200
deepleftfield.info,200
debka.com,200
thedcgazette.com,200
dcdirtylaundry.com,200
dcbluedot.com,200
davidharrisjr.com,200
dailystormer.name,exception
dailystar.co.uk,200
dailypoliticalnewswire.com,200
conservative-headlines.org,200
cair.com,403
constitutionstatenews.com,403
facebook.com/conservativepoliticstoday,200
conservativeplaylist.com,200
conservativefreepress.com,200
conservativedailynews.com,520
conservativebeaver.com,exception
conservativeammo.com,406
conservapedia.com,exception
concernedwomen.org,200
cei.org,403
cnsnews.com,200
clarionproject.org,200
churchmilitant.com,200
christianaction.org,200
america.cgtn.com,403
cernovich.com,200
centerforsecuritypolicy.org,200
cap-news.com,406
canadafreepress.com,200
caldronpool.com,200
britainfirst.org,200
bridgeporttimes.com,403
breakingnewshouse.com,200
breakingfirst.com,200
breakingchristiannews.com,200
breaking911.com,200
bossip.com,200
bongino.com,200
bluntforcetruth.com,200
blackpigeonspeaks.com,exception
blacknews.com,200
blackgenocide.org,200
blackeyepolitics.com,200
bitchute.com,200
billionbibles.org,200
bigleaguepolitics.com,403
bestdailynews.info,200
beckernews.com,200
bdnews24.com,200
backroombuzz.com,200
aapsonline.org,200
archaeology-world.com,exception
analyzingamerica.org,403
americasnewssource.com,200
americansarepissed.com,404
awm.com,200
americantruthtoday.com,exception
americanthinker.com,200
tfp.org,200
amren.com,200
americanprinciplesproject.org,403
americanpeopledaily.com,403
americanpatriotdaily.com,200
americanlookout.com,403
americangulag.org,403
americanconservativemovement.com,200
acpeds.org,403
americanactionnews.com,200
alphanewsmn.com,403
almasdarnews.com,200
adflegal.org,200
allnewspipeline.com,200
avoiceformen.com,200
2020conservative.com,200
4chan.org,403
secondamendmentdaily.com,200
accountable.us,403
act.tv,200
aftonbladet.se,200
aldianews.com,200
afj.org,200
altnews.in,200
alternet.org,200
aidc.org.za,200
americablog.com,503
americanbridgepac.org,403
americanoversight.org,403
au.org,403
angrywhitemen.org,200
attackthesystem.com,200
autostraddle.com,200
citypaper.com,200
ebar.com,200
themaven.net,200
billmoyers.com,200
bitchmedia.org,200
blackagendareport.com,200
blackamericaweb.com,200
blacklivesmatter.com,403
blackmainstreet.net,200
bnc.tv,200
boingboing.net,200
bostonreview.net,403
brut.media,200
bust.com,200
calltoactivism.com,200
canadafactcheck.ca,200
canadiandimension.com,200
capitalandmain.com,200
care2.com,403
ceasefiremagazine.co.uk,200
americanprogress.org,200
prwatch.org,200
c4ss.org,200
change.org,200
chicagoreader.com,429
chicagoreporter.com,200
china.org.cn,200
citizencritics.org,200
climatechangenews.com,200
cnn.com,200
codepink.org,200
colorlines.com,200
columbusfreepress.com,200
comicsands.com,200
commondreams.org,200
communemag.com,504
copblock.org,403
cosmopolitan.com,200
countercurrents.org,200
counterpunch.org,403
crikey.com.au,200
crimethinc.com,200
crooked.com,200
currentaffairs.org,200
curvemag.com,403
thedailybeast.com,200
dailydot.com,403
dailykos.com,200
dailyrecord.co.uk,200
dailysoundandfury.com,403
dallasvoice.com,200
deadstate.org,200
deadspin.com,200
deepsouthvoice.com,200
democracychronicles.org,403
democracyguardian.com,200
democracyjournal.org,403
democracynow.org,200
deshabhimani.com,200
desmogblog.com,200
metrotimes.com,200
dissentmagazine.org,200
drudge.com,200
earthfirstjournal.org,exception
ecowatch.com,403
egbertowillies.com,200
electoral-vote.com,200
electronicintifada.net,200
elitedaily.com,200
elle.com,200
esquire.com,200
everydayfeminism.com,403
evonomics.com,200
extranewsfeed.com,200
feministcurrent.com,200
feministing.com,406
thefifthcolumnnews.com,200
fifthestate.org,200
finnishnews.fi,200
foodandwaterwatch.org,403
foreignpolicyjournal.com,200
foreignpolicynews.org,200
freepress.org,200
frnewsreport.com,200
ffrf.org,200
freedomnews.org.uk,200
frontpagelive.com,200
freespeech.org,403
gawker.com,200
gaycitynews.com,403
gaystarnews.com,200
geopoliticsalert.com,412
gizmodo.com,200
glaad.org,200
globalvoices.org,200
good.is,200
gq.com,200
bradford-delong.com,409
greenleft.org.au,200
gritpost.com,404
guardianlv.com,200
theguardiansofdemocracy.com,200
haaretz.com,200
harpersbazaar.com,200
hightimes.com,403
hillreporter.com,200
huffingtonpost.com,200
hrc.org,200
marxist.com,403
inthesetimes.com,200
alligator.org,200
inequalitymedia.org,200
juancole.com,200
ips-dc.org,200
intpolicydigest.org,403
internationalviewpoint.org,200
intrepidreport.com,200
iowacapitaldispatch.com,200
iowastartingline.com,200
itsgoingdown.org,200
jacobinmag.com,200
jezebel.com,200
joebiden.com,200
latest.com,200
lavendermagazine.com,200
laweekly.com,403
leftfootforward.org,200
leftoverrights.com,200
leftvoice.org,200
leftscoop.com,exception
lgbtqnation.com,200
libcom.org,200
liberalamerica.life,200
liberationnews.org,200
littlegreenfootballs.com,200
mg.co.za,200
mainebeacon.com,200
mashable.com,200
mediamatters.org,200
mediaite.com,200
meduza.io,200
meidastouch.com,200
merryjane.com,200
miaminewtimes.com,200
middleeastmonitor.com,200
muncievoice.com,200
milwaukeeindependent.org,exception
modernliberals.com,200
monthlyreview.org,200
moonofalabama.org,200
msmagazine.com,200
msnbc.com,200
nationofchange.org,200
naacp.org,200
nrdc.org,200
newpol.org,200
newrepublic.com,200
newstatesman.com,200
amsterdamnews.com,200
nymag.com,200
newyorker.com,200
newscorpse.com,200
newshounds.us,200
newsone.com,200
north99.org,200
novaramedia.com,200
nowtoronto.com,200
occupy.com,406
ohiocapitaljournal.com,200
onegreenplanet.org,200
opednews.com,200
opensocietyfoundations.org,200
out.com,200
pastemagazine.com,200
peacock-panache.com,200
penncapital-star.com,200
pfaw.org,200
people.com,200
photographyisnotacrime.com,200
pinknews.co.uk,200
politicaldig.com,403
politicaltribune.org,200
politicususa.com,403
politizoom.com,200
popular.info,200
popularresistance.org,exception
pressprogress.ca,200
boldprogressives.org,200
projectcensored.org,200
queerty.com,200
rabble.ca,403
rantt.com,200
rawstory.com,200
readersupportednews.org,200
readingthepictures.org,403
therealnews.com,200
redpepper.org.uk,200
refinery29.com,200
republicreport.org,200
resilience.org,403
revcom.us,200
rewire.news,200
rightwingwatch.org,200
trofire.com,200
rollingstone.com,200
salon.com,200
sfbayview.com,200
scarymommy.com,200
secondnexus.com,200
seventeen.com,200
shadowproof.com,403
shareblue.com,exception
shondaland.com,200
slate.com,200
readsludge.com,403
smirkingchimp.com,403
worldsocialism.org,200
socialistworker.org,200
sourcepolitics.com,exception
sourcewatch.org,200
splcenter.org,200
splinternews.com,200
stpete4peace.org,200
talkingpointsmemo.com,403
teenvogue.com,200
19thnews.org,200
advocate.com,200
americanindependent.com,exception
prospect.org,200
austinchronicle.com,200
thebaffler.com,200
blue-route.org,exception
theburningspear.com,200
thecanary.co,200
climaterealityproject.org,200
thecut.com,200
daily49er.com,403
thedailybanter.com,200
the-daily.buzz,403
thedailyvox.co.za,200
democratichub.com,200
thedodo.com,200
dworkinreport.com,200
thefloridasqueeze.com,200
thegailygrind.com,200
ghionjournal.com,200
goodmenproject.com,403
gravelinstitute.org,200
theimproper.com,exception
indypendent.org,200
theintellectualist.co,200
levernews.com,200
thelily.com,200
thelondoneconomic.com,200
themarysue.com,200
themilitant.com,200
themonthly.com.au,200
morningstaronline.co.uk,200
thenation.com,200
nationalmemo.com,200
thenewcivilrightsmovement.com,403
palestinechronicle.com,200
phnompenhpost.com,403
progressive.org,200
progressivefrontier.com,200
theroot.com,200
thelasource.com,200
thestranger.com,200
texasobserver.org,403
villagevoice.com,404
voice-online.co.uk,403
thewalrus.ca,200
washingtonspectator.org,403
theweek.com,200
worldcantwait.net,200
thegrio.com,200
thisisthezerohour.com,200
them.us,200
thinkprogress.org,200
this.org,200
towleroad.com,200
treehugger.com,200
truthdig.com,200
truthout.org,200
truththeory.com,200
unicornriot.ninja,200
uproxx.com,200
upworthy.com,200
vanityfair.com,200
viraltitle.com,200
vox.com,200
wallstreetonparade.com,200
washingtonbabylon.com,200
washingtonpress.com,200
washingtonsources.org,200
washingtonian.com,200
wearyourvoicemag.com,200
wehuntedthemammoth.com,200
whitehousewatch.com,exception
whowhatwhy.org,200
wonkette.com,200
workers.org,200
wsws.org,200
yesmagazine.org,200
tytnetwork.com,200
yourblackworld.net,exception
zcomm.org,200
604now.com,200
972mag.com,200
whitehouse.gov,200
abcnews.go.com,200
abc.net.au,200
abc11.com,200
abovethelaw.com,200
aceshowbiz.com,200
aclu.org,200
adaderana.lk,403
aeon.co,200
affinitymagazine.us,200
africanarguments.org,403
africanews.com,200
ahvalnews.com,503
beaconjournal.com,200
aljazeera.com,200
al-monitor.com,200
al-sura.com,406
guttmacher.org,200
timesunion.com,200
albertaviews.ca,403
allgov.com,200
northbaynipissing.com/almaguinhighlands-on,200
amny.com,403
americamagazine.org,200
americanimmigrationcouncil.org,200
americanpublicmedia.org,200
americanpurpose.com,200
amestrib.com,200
amnesty.org,403
thespec.com/local-ancaster,404
annistonstar.com,200
anthropocenemagazine.org,200
adl.org,200
aol.com,200
apmreports.org,200
apple.com/apple-news,200
aptnnews.ca,403
areomagazine.com,200
azcapitoltimes.com,403
tucson.com,200
azdailysun.com,200
azcentral.com,200
arktimes.com,200
armscontrol.org,200
insideottawavalley.com/arnprior-on,200
arte.tv,200
citizen-times.com,200
asiasentinel.com,200
aspeniaonline.it,exception
aspeninstitute.org,403
apnews.com,200
magazine.atavist.com,200
onlineathens.com,200
enewscourier.com,200
atlantablackstar.com,403
ajc.com,200
theatlantic.com,200
atlanticmedia.com,200
attn.com,200
yorkregion.com/aurora-on,200
statesman.com,200
austindailyherald.com,200
avclub.com,200
axios.com,200
backchannel.com,200
balkaninsight.com,403
baltimoresun.com,200
bangordailynews.com,200
baptistnews.com,403
simcoe.com/barrie-on,200
barrietoday.com,200
battlecreekenquirer.com,200
baxterbulletin.com,403
baynature.org,403
bbc.com,200
tmnews.com,200
bellingcat.com,200
bellinghamherald.com,exception
berkeleyside.com,200
berkshireeagle.com,exception
berliner-zeitung.de,200
bing.com,200
birminghammail.co.uk,200
blackenterprise.com,200
blackpressusa.com,403
bleacherreport.com,200
bloomberg.com,200
bluestemprairie.com,exception
boston.com,200
bostonglobe.com,200
bgr.com,200
muskokaregion.com/bracebridge-on,200
bramptonguardian.com,200
brennancenter.org,200
brookings.edu,200
thebulletin.org,200
insidehalton.com/burlington-on,200
businessinsider.com,200
bustle.com,200
buzzfeed.com,200
buzzfeednews.com,200
bylinetimes.com,200
caledonenterprise.com,200
cambridgetimes.ca,200
canadalandshow.com,200
capitalgazette.com,200
caribbeanlifenews.com,403
insideottawavalley.com/carletonplace-on,200
carnegieendowment.org,200
carolinapublicpress.org,200
catchnews.com,200
cbc.ca,200
boston.cbslocal.com,200
losangeles.cbslocal.com,200
cbsnews.com,200
newyork.cbslocal.com,200
seattle.cbslocal.com,200
cecildaily.com,200
censor.net,503
c4ads.org,403
cgdev.org,200
centerforinquiry.org,200
ciponline.org,200
cnas.org,200
populardemocracy.org,200
publicintegrity.org,200
cbpp.org,403
focustaiwan.tw,200
chalkbeat.org,200
channel4.com/news,200
wvgazettemail.com,200
charlotteobserver.com,exception
cheddar.com,200
chicago.suntimes.com,200
chinaafricaproject.com,200
citizentruth.org,200
citizensforethics.org,403
ctj.org,200
citylab.com,200
citypages.com,200
cityandstateny.com,200
durhamregion.com/clarington-on,200
clarionledger.com,200
cleantechnica.com,200
cnbc.com,200
coed.com,403
cjr.org,403
colombiareports.com,200
dispatch.com,200
investigaterussia.org,200
commoncause.org,200
commonwealmagazine.org,200
commonwealthfund.org,200
complex.com,200
ctpost.com,200
consortiumnews.com,200
constitutionproject.org,403
caller.com,200
crosscut.com,200
ctmirror.org,200
cullmantimes.com,200
dailycommercial.com,200
gazettenet.com,200
mirror.co.uk,200
nation.africa,200
dnj.com,200
dawn.com,200
dcist.com,200
dcreport.org,403
deadline.com,200
deccanherald.com,200
debunkingdenialism.com,200
delawareonline.com,200
delo.si,200
democracy21.org,406
democratandchronicle.com,200
demos.org,200
denverpost.com,200
westword.com,200
derstandard.at,200
freep.com,200
zeit.de,200
digg.com,200
diply.com,200
diversityinc.com,200
thespec.com/local-dundas,404
dutchreview.com,200
dw.com,200
earth.columbia.edu,200
earthjustice.org,200
eastbaytimes.com,200
thestar.com/local-east-gwillimbury,404
econofact.org,403
epi.org,200
economicshelp.org,200
egyptianstreets.com,200
ejinsight.com,200
eldiario.es,200
eldiariony.com,200
elpais.com,200
elpasotimes.com,200
eff.org,200
emerging-europe.com,200
emptywheel.net,403
engadget.com,200
ew.com,200
espn.com,200
registerguard.com,200
euobserver.com,200
euractiv.com,200
eurasiareview.com,200
euromaidanpress.com,403
euronews.com,200
courierpress.com,200
exposingtruth.com,406
facebook.com/news,200
factmyth.com,200
fair.org,200
fairobserver.com,200
fairvote.org,200
fastcompany.com,200
feministfrequency.com,200
fightforthefuture.org,200
fivethirtyeight.com,200
foodnavigator.com,200
fpif.org,200
fwweekly.com,200
francetvinfo.fr,200
freakonomics.com,200
fresnobee.com,exception
fusion.net,exception
gadsdentimes.com,200
gainesville.com,200
glamour.com,200
globalcitizen.org,200
globalnews.ca,200
pri.org,200
globalrealnews.com,200
globalriskinsights.com,403
globaltimes.cn,200
gmanetwork.com,200
news.google.com,200
gothamist.com,200
governing.com,403
whistleblower.org,200
govexec.com,200
greensboro.com,200
grid.news,200
grist.org,200
guelphmercury.com,200
gunviolencearchive.org,403
thespec.com,200
harpers.org,403
courant.com,200
harvardpolitics.com,406
hawaiitribune-herald.com,403
health.com,200
healthyway.com,200
heavy.com,200
hechingerreport.org,200
hs.fi,200
helsinkitimes.fi,200
thegleaner.com,200
hcn.org,200
highline.huffingtonpost.com,200
hindustantimes.com,401
historynewsnetwork.org,200
hitc.com,200
hollywoodreporter.com,200
civilbeat.org,200
staradvertiser.com,403
hotnews.ro,200
chron.com,200
hrw.org,403
humanium.org,200
icenews.is,200
idahopress.com,200
ifamericaknew.org,200
iflscience.com,200
independentaustralia.net,200
index.hr,200
inews.co.uk,200
infobae.com,200
insideedition.com,200
insidehighered.com,200
insidephilanthropy.com,200
insider.com,200
insideclimatenews.org,200
instituteforgovernment.org.uk,404
imeu.org,200
itep.org,200
ibtimes.com,403
icrw.org,200
crisisgroup.org,200
interpretermag.com,200
inverse.com,200
press-citizen.com,200
ipolitics.ca,200
israel21c.org,200
thenewhumanitarian.org,200
jacksonfreepress.com,200
jalopnik.com,200
japantoday.com,200
jihadica.com,200
jointcenter.org,403
helvidius.org,200
daily.jstor.org,200
justsecurity.org,403
kff.org,200
khn.org,200
kansascity.com,exception
denver.cbslocal.com,200
cbsnews.com/pittsburgh,200
kenoshanews.com,200
abc30.com,200
abc7news.com,200
knightfoundation.org,200
nbcbayarea.com,200
koco.com,200
kotaku.com,200
sacramento.cbslocal.com,200
kpic.com,200
sanfrancisco.cbslocal.com,200
kqed.org,200
abc13.com,200
cbsnews.com/dfw,200
idahopress.com/kuna,200
kuow.org,200
kurdistan24.net,503
kyivindependent.com,200
kyivpost.com,403
laconiadailysun.com,200
ladepeche.fr,200
theadvertiser.com,200
jconline.com,200
lajuntatribunedemocrat.com,200
lapresse.ca,200
repubblica.it,200
lastampa.it,200
latimes.com,403
lasvegassun.com,403
latintimes.com,200
lawandcrime.com,200
leftjustified.com,200
lemonde.fr,200
lethbridgeherald.com,403
kentucky.com,exception
lifehacker.com,200
lincolncourier.com,200
lamag.com,403
macleans.ca,200
mainichi.jp,200
malaysiakini.com,200
mb.com.ph,403
maplight.org,200
reporter-times.com,200
mcclatchydc.com,exception
mcdonoughvoice.com,200
mediafiledc.com,exception
mediapart.fr,200
medium.com,200
menshealth.com,200
metro.us,403
metro.co.uk,200
nhregister.com,200
mexiconewsdaily.com,200
miamiherald.com,exception
mic.com,200
middleeasteye.net,403
migrationpolicy.org,200
unionrecorder.com,200
thestar.com/local-milton,404
jsonline.com,200
startribune.com,200
mprnews.org,200
minnpost.com,200
mintpressnews.com,403
mississippitoday.org,200
moneytalksnews.com,200
news.mongabay.com,403
montgomeryadvertiser.com,200
morningbrew.com,200
themoscowtimes.com,200
motherjones.com,200
mnn.com,200
mothership.sg,200
moultrieobserver.com,200
msn.com,200
thestarpress.com,200
mycentraljersey.com,200
nakedcapitalism.com,200
naplesnews.com,200
transequality.org,200
natmonitor.com,500
nationalnewswatch.com,403
nationalobserver.com,200
youthrights.org,406
resourcegovernance.org,200
nature.org,200
nbcdfw.com,200
nbcphiladelphia.com,200
nbcchicago.com,200
nbclosangeles.com,200
nbcnews.com,200
nbcnewyork.com,200
ndtv.com,200
newamerica.org,exception
ncnewsonline.com,200
neweurope.eu,403
newleftreview.org,200
newmatilda.com,200
newmoderate.com,200
citynews1130.com,200
newscentermaine.com,200
nydailynews.com,200
nytimes.com,200
newsandgutsmedia.com,404
newsday.com,200
newser.com,200
newsweek.com,403
newsy.com,200
nhk.or.jp/nhkworld,exception
niagara-gazette.com,200
niemanlab.org,200
niskanencenter.org,403
norwichbulletin.com,200
novinky.cz,200
npr.org,200
ocala.com,200
occupyindependents.com,exception
ocweekly.com,403
oneindia.com,200
openthegovernment.org,200
orlandosentinel.com,200
ourworldindata.org,200
outsidethebeltway.com,200
ozy.com,200
psmag.com,200
palmbeachdailynews.com,200
newsherald.com,200
parrysound.com,200
patrioticmillionaires.org,200
pbs.org,200
pekintimes.com,200
inquirer.com,200
phillytrib.com,200
inquirer.net,403
phillyvoice.com,200
phoenixnewtimes.com,200
politicalcritique.org,200
politico.com,200
politicsthatwork.com,200
politifact.com,200
polygon.com,200
pontiacdailyleader.com,200
populationconnection.org,403
pressherald.com,200
pamplinmedia.com,200
positive.news,200
theworld.org,200
private-eye.co.uk,200
hjnews.com/preston,200
pogo.org,403
project-syndicate.org,200
propublica.org,200
prospectmagazine.co.uk,403
protocol.com,200
providencejournal.com,200
citizen.org,403
publico.es,200
puck.news,200
chieftain.com,200
qz.com,200
rfa.org,200
radiotelevisionmarti.com,200
newsobserver.com,exception
rappler.com,200
rationalwiki.org,200
relevantmagazine.com,403
religionnews.com,200
rgj.com,200
represent.us,403
revealnews.org,200
pal-item.com,200
ridgecrestca.com,200
rightweb.irc-online.org,200
rocketnews.com,200
rrstar.com,200
heraldonline.com,exception
rooseveltinstitute.org,403
sacbee.com,exception
salina.com,200
sltrib.com,200
mysanantonio.com,200
sandiegoreader.com,200
sfchronicle.com,200
sfexaminer.com,200
mercurynews.com,200
sanluisobispo.com,exception
independent.com,200
sapiens.org,200
saudigazette.com.sa,200
sciencing.com,200
scoopwhoop.com,200
scroll.in,200
seattlepi.com,200
seattletimes.com,exception
self.com,200
sentencingproject.org,200
sfgate.com,200
snopes.com,200
sojo.net,200
sootoday.com,200
scmp.com,200
sbs.com.au,200
spiegel.de,200
spin.com,200
news-leader.com,200
staugustine.com,200
stltoday.com,200
stamfordadvocate.com,200
nj.com,200
statnews.com,200
newsaegis.com,200
stepfeed.com,200
stopfake.org,200
stuff.co.nz,exception
agriculture.com,200
sunlightfoundation.com,200
swissinfo.ch,200
syriahr.com,200
taiwannews.com.tw,200
tampabay.com,200
tarbell.org,200
taskandpurpose.com,200
taxjustice.net,200
taxpolicycenter.org,200
tcpalm.com,200
techcrunch.com,200
techdirt.com,200
texasmonthly.com,403
texastribune.org,200
theage.com.au,200
asahi.com,200
app.com,200
augustachronicle.com,200
belfercenter.org,200
thebipartisanpress.com,200
myrgv.com,200
thebureauinvestigates.com,200
cepr.net,200
tcf.org,200
chinapost.nownews.com,exception
thechristianleft.org,200
chronicle.com,200
thecitizen.org.au,200
thecity.nyc,200
coloradoan.com,200
coloradosun.com,200
canadians.org,200
courier-journal.com,200
daltondailycitizen.com,200
dailyclimate.org,200
dailyhive.com,200
thedailystar.com,200
dailytarheel.com,200
theday.com,200
dominionpost.com,200
ecfr.eu,403
lehighvalleylive.com,200
forward.com,403
readfrontier.org,403
thefulcrum.us,200
thegardenisland.com,403
heraldscotland.com,200
theguardian.com,200
thehawkeye.com,200
heraldnet.com,403
thehilltalk.com,403
hilltimes.com,200
newsite.thehindu.com,200
thehumanist.com,403
hutchnews.com,200
independent.co.uk,200
indianexpress.com,200
theintercept.com,200
irishexaminer.com,200
irishtimes.com,200
irrawaddy.com,403
thejakartapost.com,200
thejournal.ie,200
lohud.com,200
koreatimes.co.kr,200
lincolnproject.us,403
thelist.com,200
thelocal.no,403
mauinews.com,200
themoderatevoice.com,200
fool.com,200
alaraby.co.uk,200
thenewtropic.com,403
thenewstribune.com,exception
newstimes.com,200
thenextweb.com,200
theguardian.com/observer,200
theodysseyonline.com,200
theolympian.com,exception
palmbeachpost.com,200
pennlive.com,200
cleveland.com,200
pressdemocrat.com,200
punchng.com,200
thequint.com,200
northjersey.com,200
theringer.com,200
santafenewmexican.com,200
thesaturdaypaper.com.au,200
theskimm.com,200
thestate.com,exception
sj-r.com,200
statepress.com,200
thesunmagazine.org,200
smh.com.au,200
thetab.com,200
thetrace.org,403
thetyee.ca,200
thevarsity.ca,200
theverge.com,200
pilotonline.com,200
theweek.co.uk,200
wilderness.org,200
thewire.in,200
thewrap.com,200
timesenterprise.com,200
news.trust.org,200
thrillist.com,200
time.com,200
timescolonist.com,200
timesheadline.com,200
timesofisrael.com,200
nola.com,200
tmz.com,200
today.com,200
tomdispatch.com,200
cjonline.com,200
thestar.com,200
truthbetold.news,200
tuscaloosanews.com,200
typemediacenter.org,200
uawire.org,200
undark.org,403
ucsusa.org,200
uft.org,200
universitybusiness.com,200
pravda.com.ua,200
urban.org,200
usatoday.com,200
usnews.com,exception
upr.org,200
uticaod.com,200
centerforpolitics.org,200
variety.com,200
vcstar.com,200
verafiles.org,200
vibe.com,200
vice.com,200
victoriaadvocate.com,200
victoriabuzz.com,403
vvdailypress.com,200
virginiamercury.com,200
visaliatimesdelta.com,200
vladtv.com,200
voiceofsandiego.org,200
votevets.org,403
vtdigger.org,403
vulture.com,200
walesonline.co.uk,200
wamu.org,200
washingtonblade.com,200
washingtonmonthly.com,200
washingtonpost.com,200
chicago.cbslocal.com,200
nbcboston.com,200
minnesota.cbslocal.com,200
westernmassnews.com,200
westhawaiitoday.com,403
miami.cbslocal.com,200
wikileaks.org,200
wired.com,200
wishtv.com,200
baltimore.cbslocal.com,200
wnyc.org,200
wilsoncenter.org,200
worldpolicy.org,500
worldcrunch.com,200
weforum.org,200
worldpress.org,200
wri.org,200
6abc.com,200
nbcwashington.com,200
wsvn.com,200
tampa.cbslocal.com,200
nbcmiami.com,200
atlanta.cbslocal.com,200
detroit.cbslocal.com,200
news.yahoo.com,200
yaleglobal.yale.edu,200
ynetnews.com,200
ydr.com,200
yorkdispatch.com,200
youthradio.org,200
9news.com,200
nbc11news.com,200
12news.com,200
wibw.com,200
wifr.com,200
247wallst.com,200
24ur.com,200
38north.org,404
1010wins.radio.com,200
join1440.com,200
abc7chicago.com,200
abc7ny.com,200
abc12.com,200
news.abs-cbn.com,403
actionnewsjax.com,200
adfontesmedia.com,200
adweek.com,200
africacheck.org,200
agdaily.com,200
afp.com,exception
ansa.it,200
agerpres.ro,200
agweb.com,403
airforcetimes.com,200
airwars.org,200
alreporter.com,200
democratherald.com,200
ad.nl,200
allafrica.com,200
securingdemocracy.gmfus.org,200
amarillo.com,200
americanheritage.com,200
americanpressinstitute.org,404
news.amomama.com,200
adn.com,200
independentmail.com,200
arcdigital.media,200
arirang.com,200
armytimes.com,200
arstechnica.com,200
courier-tribune.com,200
atimes.com,200
aspentimes.com,200
athensmessenger.com,200
atlasobscura.com,200
auburnpub.com,200
aap.com.au,exception
avenuenews.com,200
azfamily.com,200
babnet.net,200
ballotpedia.org,200
beatricedailysun.com,200
bnd.com,exception
benzinga.com,200
bestlifeonline.com,200
bettergov.org,200
bignewsnetwork.com,403
bigthink.com,200
sunherald.com,exception
biography.com,200
bismarcktribune.com,200
us.blastingnews.com,200
bleepingcomputer.com,503
bnonews.com,200
borderreport.com,200
bozemandailychronicle.com,200
bridgemi.com,200
bringmethenews.com,200
heraldcourier.com,200
theeagle.com,200
buffalonews.com,200
bullshido.net,200
burnettcountysentinel.com,200
business2community.com,403
c-span.org,200
somdnews.com/recorder,200
cpac.ca,200
capecodtimes.com,200
capecoralbreeze.com,200
capitolfax.com,200
carrollconews.com,200
trib.com,200
castanet.net,403
philadelphia.cbslocal.com,200
cdt.org,200
opensecrets.org,200
csis.org,200
postregiser.com/messenger,exception
channelnewsasia.com,200
charitynavigator.org,200
timesfreepress.com,200
chicoer.com,200
chinookobserver.com,200
csmonitor.com,200
cincinnati.com,200
calgary.citynews.ca,200
edmonton.citynews.ca,200
halifax.citynews.ca,200
kitchener.citynews.ca,200
montreal.citynews.ca,200
ottawa.citynews.ca,200
toronto.citynews.ca,200
vancouver.citynews.ca,200
winnipeg.citynews.ca,200
clarindaherald.com,200
cctimesdemocrat.com,200
claytonrecord.com,200
columbustelegram.com,200
cnet.com,200
ced.org,200
cpj.org,200
communityimpact.com,200
independenttribune.com,200
concordmonitor.com,200
congress.gov,200
constitutioncenter.org,521
consumerreports.org,200
cookpolitical.com,200
corriere.it,200
coronavirus.gov,200
gazettetimes.com,200
cfr.org,200
countable.us,200
countryliving.com,200
courthousenews.com,403
courttv.com,403
covidtracking.com,200
cp24.com,200
craigdailypress.com,200
crainscleveland.com,200
crainsdetroit.com,200
cruxnow.com,200
ctvnews.ca,200
starexponent.com,200
dccircuitbreaker.org,406
dailybusinessreview.com,200
dailycamera.com,200
freemanjournal.net,200
daily-journal.com,200
dailyjournalonline.com,200
dailymaverick.co.za,200
nonpareilonline.com,200
dailyrecord.com,200
godanriver.com,200
darientimes.com,200
daytondailynews.com,200
defensenews.com,200
defenseone.com,200
dbrnews.com,200
dentonrc.com,200
desmoinesregister.com,200
standaard.be,200
detik.com,200
differencebetween.net,200
digi24.ro,200
digitaljournal.com,200
qconline.com,200
dmagazine.com,200
doctorswithoutborders.org,200
dothaneagle.com,200
dpa-international.com,200
duluthnewstribune.com,200
eagletribune.com,200
edp24.co.uk,200
eastidahonews.com,200
eatthis.com,200
leadertelegram.com,200
elkodaily.com,200
elnuevodia.com,200
yoursun.com/englewood,200
goerie.com,200
news.err.ee,200
eurasiagroup.net,200
times-standard.com,200
everycrsreport.com,200
factcheck.org,200
factwire.org,403
fayobserver.com,200
federalnewsnetwork.com,200
federaltimes.com,200
ft.com,200
firstcoastnews.com,200
firstdraftnews.org,403
floridapolitics.com,200
jacksonville.com,200
foreignaffairs.com,200
foreignpolicy.com,200
messengernews.net,200
fosters.com,200
fourstateshomepage.com,200
france24.com,403
fredericksburg.com,200
fremonttribune.com,200
fullfact.org,200
gallup.com,200
geek.com,403
sun-courier.com,200
postindependent.com,200
globalintegrity.org,200
globalslaveryindex.org,403
globegazette.com,200
goodnewsnetwork.org,200
gao.gov,200
govtrack.us,200
theindependent.com,200
greatfallstribune.com,200
greenbaypressgazette.com,200
greenvilleonline.com,200
ground.news,200
group30.org,200
hanfordsentinel.com,200
hbr.org,200
news.harvard.edu,200
hastingstribune.com,200
healthcarefinancenews.com,200
herald-review.com,200
heterodoxacademy.org,403
hickoryrecord.com,200
homelandsecuritynewswire.com,exception
howstuffworks.com,200
howtogeek.com,200
i24news.tv,200
icitizen.com,200
postregister.com,200
idahostatesman.com,exception
imediaethics.org,200
inc.com,200
helenair.com,200
ivn.us,200
indexmundi.com,200
indystar.com,200
dailybulletin.com,200
iwpr.org,200
icij.org,200
iea.org,200
journals.cambridge.org,404
freemedia.at,exception
rescue.org,200
ire.org,429
investing.com,200
investopedia.com,200
ipsos.com,403
jacksonsun.com,200
janes.com,200
japantimes.co.jp,200
jta.org,200
journalgazette.net,200
justicedenied.org,200
kadn.com,200
kagstv.com,200
kait8.com,200
kalb.com,200
kare11.com,200
kark.com,200
alaskasnewssource.com,200
newschannel6now.com,200
crossroadstoday.com,200
kbjr6.com,200
12newsnow.com,200
kbtx.com,200
kcbd.com,200
kcci.com,200
kcentv.com,200
newspressnow.com,200
kcgr.com,200
kcra.com,200
kctv5.com,200
cw33.com,200
cbs4local.com,200
kdrv.com,200
kdvr.com,200
kearneyhub.com,200
keloland.com,200
kens5.com,200
myeasternshoremd.com/qa,200
turnto23.com,200
kesq.com,200
ketk.com,200
ketv.com,200
cbsaustin.com,200
keyt.com,200
keysnews.com,200
kezi.com,200
newschannel10.com,200
cbs8.com,200
5newsonline.com,200
nwahomepage.com,200
kfvs12.com,200
kgns.tv,200
yourcentralvalley.com,200
kgw.com,200
wyomingnewsnow.tv,200
4029tv.com,200
khon2.com,200
khou.com,200
actionnewsnow.com,200
cw39.com,200
myfoxzone.com,200
kiem-tv.com,200
localnews8.com,200
kimt.com,200
kion456.com,exception
kiplinger.com,200
kiro7.com,200
kitv.com,200
kivitv.com,200
kktv.com,200
8newsnow.com,200
klax-tv.com,200
ourquadcities.com,200
fox16.com,200
kltv.com,200
kmbc.com,200
abc17news.com,200
kmov.com,200
nbcnebraskascottsbluff.com,200
hawaiinewsnow.com,200
thedenverchannel.com,200
knoe.com,200
knopnews2.com,200
knowyourmeme.com,403
knowherenews.com,200
knoxnews.com,200
koaa.com,200
koamnewsnow.com,200
koat.com,200
koin.com,200
fox23.com,200
kold.com,200
1011now.com,200
kolotv.com,200
ozarksfirst.com,200
kompas.com,200
cbs7.com,200
newson6.com,200
kristv.com,200
kplctv.com,200
click2houston.com,200
kptv.com,200
kpvi.com,200
krdo.com,200
kron4.com,200
krqe.com,200
ksat.com,200
ksbw.com,200
ksdk.com,200
yourcentralvelley.com,exception
ksl.com,200
ksla.com,200
ksnblocal4.com,200
ksn.com,200
ky3.com,200
kstp.com,200
fox5sandiego.com,200
kswo.com,200
bigcountryhomepage.com,200
arklatexhomepage.com,200
ktiv.com,200
ktla.com,200
ktre.com,200
ktsm.com,200
ktuu.com,200
ktva.com,200
fox2now.com,200
ktvq.com,200
ktvu.com,200
abc4.com,200
fox40.com,200
valleycentral.com,200
kvia.com,200
kwch.com,200
fox44news.com,200
kwqc.com,200
news9.com,200
kwtx.com,200
kxan.com,200
kxii.com,200
kxlf.com,200
kxly.com,200
fox21news.com,200
kxxv.com,200
kyma.com,200
ledevoir.com,200
lahainanews.com,200
lalibre.be,200
lansingstatejournal.com,200
lcsun-news.com,200
law.com,200
law360.com,200
lawfareblog.com,200
ljworld.com,200
leadstories.com,200
leavenworthtimes.com,200
ldnews.com,200
lebanon-express.com,200
lesoir.be,200
lexch.com,200
journalstar.com,200
liveuamap.com,200
lancasteronline.com,200
logically.ai,200
lompocrecord.com,200
news-journal.com,200
reporterherald.com,200
lovelycitizen.com,200
newsadvance.com,200
makeuseof.com,200
emountainwave.com,200
timesrepublican.com,200
martinsvillebulletin.com,200
mcdowellnews.com,200
mediapost.com,exception
memeorandum.com,200
commercialappeal.com,200
mentalfloss.com,200
myrecordjournal.com,200
merionwest.com,200
metrowestdailynews.com,200
newsnationnow.com,200
military.com,200
militarytimes.com,200
livemint.com,200
missoulian.com,200
mlive.com,200
modernhealthcare.com,200
mtstandard.com,200
mooresvilletribune.com,200
morganton.com,200
morningconsult.com,200
flippinonline.com,200
muscatinejournal.com,200
mynewsla.com,200
napavalleyregister.com,200
nber.org,200
ncsl.org,200
followthemoney.org,400
nationaljournal.com,200
nationmaster.com,200
navytimes.com,200
theneed2know.com,200
newarkpostonline.com,200
newbernsj.com,200
necn.com,200
nzherald.co.nz,200
newsandnews.com,200
kfor.com,200
newsfactsnetwork.com,200
newslookup.com,200
news24.com,200
newsela.com,200
newsguardtech.com,200
yournewsnet.com,200
newsnow.co.uk,200
nst.com.my,403
newzjunky.com,200
nextgov.com,200
nknews.org,200
nolabels.org,200
noozhawk.com,200
norfolkdailynews.com,200
northkoreatimes.com,403
nptelegraph.com,200
yoursun.com/northport,200
northtamatelegraph.com,200
nwfdailynews.com,200
nwitimes.com,200
novinite.com,200
oanews.com,exception
openmindmag.org,200
oyez.org,200
guampdn.com,200
parkrecord.com,200
patch.com,200
patheos.com,200
pnj.com,200
pjstar.com,200
pgpf.org,200
piie.com,200
placesjournal.org,403
poconorecord.com,200
politicalwire.com,403
yoursun.com,200
poynter.org,403
prnewswire.mediaroom.com,200
pressofatlanticcity.com,200
procon.org,200
publicpolicypolling.com,200
prri.org,200
punchbowl.news,403
yoursun.com/puntagorda,200
qctimes.com,200
audacy.com,200
rferl.org,200
rand.org,200
rapidcityjournal.com,200
rare.us,200
ravallirepublic.com,200
recode.net,200
redding.com,200
rsf.org,200
reporterslab.org,200
reuters.com,200
rexburgstandardjournal.com,200
rfi.fr/en,403
riverbender.com,200
riverdalepress.com,403
rocanews.com,200
rollcall.com,200
rte.ie,200
sandiegouniontribune.com,403
santamariatimes.com,200
heraldtribune.com,200
sayfiereview.com,200
sciencedebate.org,200
scoopnest.com,200
starherald.com,200
scotusblog.com,200
shareably.net,403
valleynewstoday.com,200
shorensteincenter.org,200
shreveporttimes.com,200
sierrasun.com,200
simplepolitics.co.uk,200
siouxcityjournal.com,200
skyhinews.com,200
news.sky.com,200
smartnews.com,200
aspentimes.com/snowmass,200
southbendtribune.com,200
sun-sentinel.com,200
swtimes.com,200
spectrumlocalnews.com/splash,200
ny1.com,200
spectrumreport.com,200
spotlightpa.org,200
sctimes.com,200
stripes.com,200
silive.com,200
statesmanjournal.com,200
statesville.com,200
statista.com,200
steamboatpilot.com,200
stimson.org,200
strategypage.com,exception
stratfor.com,200
summitdaily.com,200
cecildaily.com/susquehanna_press,200
swvatoday.com,200
tahoedailytribune.com,200
taipeitimes.com,200
tamatoledonews.com,200
techspot.com,200
telegram.com,200
texasstandard.org,403
tetonvalleynews.net,200
thatsnonsense.com,406
afr.com,200
thebalance.com,200
newsoptimist.ca,200
thecanadianpress.com,200
thecipherbrief.com,200
columbian.com,200
constitution.com,200
theconversation.com,200
daily-chronicle.com,200
dailygazette.com,200
tdn.com,200
dailynorthwestern.com,200
dailyprogress.com,200
defconwarningsystem.com,200
thediplomat.com,200
economist.com,200
thefencepost.com,200
theflipside.io,200
hjnews.com,200
heraldnews.com,200
herald-dispatch.com,200
heraldsun.com,exception
thehill.com,429
jamestown.org,200
postregister.com/star,200
jordantimes.com,200
journalstandard.com,200
macon.com,exception
mariettatimes.com,200
themarshallproject.org,200
memepoliceman.com,406
modbee.com,exception
themonitor.com,200
mcall.com,200
scnow.com,200
thenevadaindependent.com,200
thenews.mx,200
thenewsliteracyproject.org,403
newsvirginian.com,200
outlook.monmouth.edu,200
postandcourier.com,200
poststar.com,200
syracuse.com,200
recordnet.com,200
theregister.com,403
therepublic.com,200
masslive.com,200
thecalifornian.com,200
scotsman.com,200
cumberlink.com,200
thesmokinggun.com,200
sociable.co,200
thesouthern.com,200
stardem.com,200
thestrategybridge.org,200
tennessean.com,200
mywebtimes.com,200
thetandd.com,200
thetowntalk.com,200
theunion.com,200
vindy.com,200
wcfcourier.com,200
theunion.com/news/twi,200
zdf.de,200
thirdway.org,200
thoughtco.com,200
timesofsandiego.com,200
magicvalley.com,200
todayifoundout.com,200
transparency.org,200
transpartisanreview.com,200
record-eagle.com,200
tribunecontentagency.com,403
tri-cityherald.com,exception
truthorfiction.com,200
tut.by,exception
tvw.org,403
loganwoodbine.com,200
upi.com,403
house.gov,200
uscourts.gov,200
usaspending.gov,200
usafacts.org,200
standard.net,200
vaildaily.com,200
yoursun.com/venice,200
verifythis.com,200
viralthread.com,403
voanews.com,200
vosizneias.com,200
votesmart.org,200
waaytv.com,200
deltanews.tv,200
wabi.tv,200
wacotrib.com,200
wafb.com,200
waff.com,200
wagmtv.com,200
wahoo-ashland-waverly.com,200
fox10tv.com,200
walb.com,200
wane.com,200
wapt.com,200
warontherocks.com,403
c-span.org/series/?washingtonjournal,200
wtop.com,200
wate.com,200
localmemphis.com,200
wave3.com,200
wavy.com,200
wbaltv.com,200
wbay.com,200
wbir.com,200
wbko.com,200
wbng.com,200
10tv.com,200
wbrc.com,200
pahomepage.com,200
wbtv.com,200
wbtw.com,200
wcax.com,200
counton2.com,200
wcia.com,200
wcjb.com,200
nbc4i.com,200
wcnc.com,200
wcpo.com,200
live5news.com,200
wctv.tv,200
wcvb.com,200
fox4kc.com,200
wdam.com,200
wdbj7.com,200
wdio.com,200
clickondetroit.com,200
wdsu.com,200
wdtn.com,200
wdtv.com,200
localdvm.com,200
wearethemighty.com,200
weau.com,200
wect.com,200
tristatehomepage.com,200
weny.com,200
wesh.com,200
wvpublic.org,200
mytwintiers.com,200
wevv.com,200
news5cleveland.com,200
mychamplainvalley.com,200
wfft.com,200
14news.com,200
wfla.com,200
wflx.com,200
wfmynews2.com,200
wfmz.com,200
wearegreenbay.com,200
wftv.com,200
wfxrtv.com,200
boston25news.com,200
wgal.com,200
myfox8.com,200
brproud.com,200
wgntv.com,200
wgno.com,200
whas11.com,200
whatculture.com,200
fox13memphis.com,200
whec.com,200
whio.com,200
foxcarolina.com,200
whnt.com,200
who13.com,200
whsv.com,200
abc27.com,200
cbs42.com,200
kansas.com,exception
wilx.com,200
winknews.com,403
newschief.com,200
wistv.com,200
channel3000.com,200
wisn.com,200
witn.com,200
wivb.com,200
wjcl.com,200
wjhg.com,200
wjhl.com,200
wjtv.com,200
fox8.com,200
news4jax.com,200
news8000.com,200
wkbw.com,200
clickorlando.com,200
wkrg.com,200
wkyc.com,200
wlbt.com,200
wlfi.com,200
wlky.com,200
wlox.com,200
wltx.com,200
uppermichiganssource.com,200
wlwt.com,200
wmar2news.com,200
fox47.com,200
nbc15.com,200
deltanews.tv/wnbd,200
cbs17.com,200
wnct.com,200
wndu.com,200
wnem.com,200
weareiowa.com,200
cleveland19.com,200
woodtv.com,200
spectrumnews1.com,200
wowktv.com,200
wowt.com,200
phl17.com,200
fox43.com,200
wsoctv.com,200
localsyr.com,200
fox61.com,200
wtsp.com,200
wtvm.com,200
wtvy.com,200
en.wikinews.org,200
wikipedia.org,200
winnipegfreepress.com,200
winonadailynews.com,200
journalnow.com,200
wionews.com,200
host.madison.com,200
fox46.com,200
wkrn.com,200
wkyt.com,200
raleighcw.com,200
13wmaz.com,200
actionnews5.com,200
wmur.com,200
wnep.com,200
fox35orlando.com,200
wn.com,200
worldometers.info,200
worldpoliticsreview.com,exception
worldpopulationreview.com,200
pix11.com,200
wpri.com,200
wpta21.com,200
wpxi.com,200
wral.com,200
wrdw.com,200
wreg.com,200
wric.com,200
rochesterfirst.com,200
wsav.com,200
wsaw.com,200
wsaz.com,200
wsbtv.com,200
wsfa.com,200
wsls.com,200
wsmv.com,200
wspa.com,200
wtae.com,200
wearecentralpa.com,200
wtap.com,200
news10.com,200
wthitv.com,200
wthr.com,200
wtnh.com,200
wtok.com,200
wtol.com,200
cbs4indy.com,200
wtva.com,200
newschannel5.com,200
13abc.com,200
fox29.com,200
wusa9.com,200
13newsnow.com,200
nbc29.com,200
wvtm.com,200
wvlt.tv,200
fox8live.com,200
wvva.com,200
nbc12.com,200
wwnytv.com,200
mysuncoast.com,200
11alive.com,200
fox59.com,200
fox19.com,200
wwltv.com,200
news10.com/fox-23,200
wymt.com,200
rocketcitynow.com,200
wzzm13.com,200
yorknewstimes.com,200
zdnet.com,200
7news.com.au,200
9news.com.au,200
19fortyfive.com,200
abc.es,403
theadvocates.org,403
english.ahram.org.eg,200
al.com,200
altoday.com,403
abqjournal.com,200
aleteia.org,200
americanactionforum.org,403
americanaffairsjournal.org,200
acsh.org,200
americanfirearms.org,200
aier.org,200
americanmilitarynews.com,200
americasquarterly.org,200
anchoragepress.com,200
andalusiastarnews.com,200
angusreid.org,403
antiwar.com,200
hk.appledaily.com,exception
arcamax.com,200
argusleader.com,200
arkansasonline.com,200
israelnationalnews.com,200
aawsat.com/english,200
aninews.in,200
atchisonglobenow.com,200
atlanticcouncil.org,200
atmoreadvance.com,200
newideal.aynrand.org,200
bangkokpost.com,200
barrons.com,404
guardonline.com,200
beavercreeknewscurrent.com,403
beinglibertarian.com,521
bemidjipioneer.com,200
berlingske.dk,200
bild.de,200
billingsgazette.com,200
bipartisanpolicy.org,200
bnr.nl,200
boomlive.in,200
bostonherald.com,200
brainerddispatch.com,200
breakingdefense.com,200
thebreakthrough.org,200
bt.dk,200
batimes.com.ar,200
businesslive.co.za,200
business-standard.com,200
calgaryherald.com,200
californiaglobe.com,403
capoliticalreview.com,200
campaignforliberty.org,200
cjnews.com,403
taxpayer.com,200
capitalismmagazine.com,200
cato.org,200
ccn.com,403
cftni.org,403
checkyourfact.com,200
chicagotribune.com,200
chinadigitaltimes.net,200
christianitytoday.com,200
gazette.com,200
columbiadailyherald.com,200
crfb.org,200
dn.se,200
dailyherald.com,200
mininggazette.com,200
dailypress.com,200
dailyo.in,200
dallasnews.com,200
volkskrant.nl,200
deccanchronicle.com,200
delgazette.com,403
denvergazette.com,200
deseretnews.com,200
desertsun.com,200
detroitnews.com,200
deutschland.de,200
diepresse.com,200
welt.de,200
downsizinggovernment.org,200
drudgereport.com,200
registerherald.com,403
ecuavisa.com,200
edmontonexaminer.com,200
edmontonjournal.com,200
edmontonsun.com,200
elmundo.es,200
eluniverso.com,200
entrepreneur.com,200
eppc.org,403
ekirikas.com,200
expressen.se,200
fairborndailyherald.com,403
faithfamilyamerica.com,403
longwarjournal.org,200
financialexpress.com,403
financialpost.com,200
firearmsnews.com,403
fitchratings.com,200
fitsnews.com,403
forbes.com,200
fpri.org,403
fbherald.com,200
star-telegram.com,exception
fortnightlyreview.co.uk,200
fortune.com,200
fee.org,200
foxbusiness.com,200
foxillinois.com,200
faz.net,200
dailyjournal.net,200
franklinnews.org,200
fraserinstitute.org,403
freedomalliance.org,200
freedomhouse.org,200
fcnews.org,403
mydailytribune.com,403
galvnews.com,200
geo.tv,200
gp.se,200
greeleytribune.com,200
greenfieldreporter.com,403
dailyadvocate.com,200
guns.com,200
myheraldreview.com,200
heraldsun.com.au,200
hln.be,200
hidesertstar.com,200
hpenews.com,200
timesgazette.com,403
thehindubusinessline.com,200
honestreporting.com,200
hoover.org,200
humanprogress.org,403
idahostatejournal.com,200
iefimerida.gr,403
ilgiornale.it,200
inhomelandsecurity.com,403
india.com,200
indiatoday.in,200
indiatvnews.com,200
inforum.com,200
theihs.org,403
interfax.ru,200
investortimes.com,200
independent.ie,200
itv.com,exception
jewishbreakingnews.com,200
jewishjournal.com,403
jns.org,200
justfacts.com,200
justfactsdaily.com,200
foxkansas.com,200
foxsanantonio.com,200
wwmt.com,200
khaleejtimes.com,200
katu.com,200
katv.com,200
bakersfieldnow.com,200
kbsi23.com,200
fox4beaumont.com,200
siouxlandnews.com,200
kcby.com,200
abcstlouis.com,200
kdsm17.com,200
keprtv.com,200
kfdm.com,200
kfoxtv.com,200
foxnebraska.com,200
cbs2iowa.com,200
khqa.com,200
kimatv.com,200
klewtv.com,200
kmph.com,200
nbc16.com,200
knewz.com,200
okcfox.com,200
komonews.com,200
koreaherald.com,200
fox42kptm.com,200
krcgtv.com,200
mynews4.com,200
foxreno.com,200
fox38corpuschristi.com,200
news3lv.com,200
ktul.com,200
ktvl.com,200
kutv.com,200
abc7amarillo.com,200
nebraska.tv,200
nacion.com,200
lmtonline.com,200
reviewjournal.com,200
learnliberty.org,200
lefigaro.fr,200
leicestermercury.co.uk,200
lexingtoninstitute.org,200
libertarianism.org,200
listverse.com,200
lbc.co.uk,200
standard.co.uk,200
lfpress.com,200
dailynews.com,200
lubbockonline.com,200
mackinac.org,200
malaymail.com,200
malaysia-today.net,200
unionleader.com,200
manilatimes.net,200
marginalrevolution.com,403
marketwatch.com,200
frontiersman.com,200
meaww.com,200
mercatus.org,200
metabunk.org,200
miamivalleytoday.com,200
montrealgazette.com,200
m24.ru,200
mtdemocrat.com,403
mynorthwest.com,403
nationalaffairs.com,200
nationalinterest.org,200
nationalpost.com,200
nos.nl,200
observer.com,200
nypost.com,200
.news.com.au,exception
news-gazette.com,200
nhk.or.jp,exception
asia.nikkei.com,200
nine.com.au,200
nj1015.com,200
nwaonline.com,200
nowentertainment.net,406
oaoa.com,200
oilprice.com,200
omaha.com,200
opendoorsusa.org,200
opposingviews.com,200
ocregister.com,200
oregonlive.com,200
ottawacitizen.com,200
ottawasun.com,200
pacificresearch.org,403
newsandsentinel.com,200
peninsuladailynews.com,403
post-gazette.com,200
triblive.com,403
mydailyregister.com,403
policyed.org,200
politisite.com,200
mydailysentinel.com,403
portsmouth-dailytimes.com,403
postbulletin.com,200
rstreet.org,403
rasmussenreports.com,200
realcleardefense.com,403
realclearinvestigations.com,200
realclearmarkets.com,200
realclearpolicy.com,200
realclearpolitics.com,exception
realclearreligion.org,200
reason.com,200
valleynewslive.com,200
leaderpost.com,200
cato.org/regulation,200
remingtonresearchgroup.com,403
republicworld.com,200
richmond.com,200
couriernews.com,200
srnnews.com,200
sbsun.com,200
thestarphoenix.com,200
savannahnow.com,200
scoperatings.com,200
sofrep.com,200
twincities.com,200
studentnewsdaily.com,200
tabletmag.com,403
taxfoundation.org,200
tharawat-magazine.com,403
algemeiner.com,403
theamericanconservative.com,403
the-american-interest.com,200
theaustralian.com.au,403
thebulwark.com,200
english.chosun.com,200
thechronicleherald.ca,200
citizen.co.za,200
couriermail.com.au,200
thedispatch.com,200
durangoherald.com,200
elkharttruth.com,200
thefiscaltimes.com,200
thegazette.com,200
theglobeandmail.com,200
independent.org,200
the-japan-news.com,200
jpost.com/jerusalem-report,403
jewishpress.com,200
journal-news.net,200
theledger.com,200
thelibertarianrepublic.com,200
thenewatlantis.com,200
thenews.com.pk,200
theobjectivestandard.com,200
oklahoman.com,200
pantagraph.com,200
post-journal.com,200
pe.com,200
tribtown.com,200
thesorrentino.com,404
spectator.co.uk,200
spectator.us,403
spectatorworld.com,403
spokesman.com,200
standardmedia.co.ke,200
straitstimes.com,exception
thestreet.com,200
theitem.com,403
thetimesherald.com,200
timesofindia.indiatimes.com,200
thetimes.co.uk,200
washingtoninstitute.org,200
thewest.com.au,200
winchesterstar.com,200
yomiuri.co.jp,200
tnonline.com,200
timeslive.co.za,200
thenationaldesk.com,200
toledoblade.com,200
tovima.gr,200
transparentcalifornia.com,200
tribunnews.com,200
tulsaworld.com,200
valuewalk.com,403
vancouversun.com,200
villages-news.com,403
wach.com,200
wsj.com,404
recordherald.com,403
thecentersquare.com,200
rep-am.com,200
foxbaltimore.com,200
abc3340.com,200
wchstv.com,200
abcnews4.com,200
wcti12.com,200
wcyb.com,200
foxlexington.com,200
weartv.com,200
wctrib.com,200
nbc25news.com,200
wfxl.com,200
wgme.com,200
upnorthlive.com,200
wgxa.tv,200
13wham.com,200
local21news.com,200
myheraldreview.com/news/willcox,200
sungazette.com,200
news-herald.com,200
wnewsj.com,403
windsorstar.com,200
wjactv.com,200
turnto10.com,200
wjla.com,200
dayton247now.com,200
local12.com,200
wlos.com,200
fox11online.com,200
mycbs4.com,200
nbc24.com,200
news4sanantonio.com,200
fox56.com,200
wpde.com,200
cbs12.com,200
fox23maine.com,200
wpgh53.com,200
mynbc15.com,200
cbs6albany.com,200
foxrichmond.com,200
wsbt.com,200
wset.com,200
cnycentral.com,200
abc6onyourside.com,200
fox28media.com,200
wtov9.com,200
myfox28columbus.com,200
newschannel9.com,200
foxchattanooga.com,200
wtwc40.com,200
foxrochester.com,200
wutv29.com,200
wvah.com,200
abc45.com,200
fox17.com,200
xeniagazette.com,403
yankeeinstitute.org,200
en.yna.co.kr,200
zebrafactcheck.com,200
abort73.com,200
academia.org,200
aim.org,200
acton.org,200
ac2news.com,200
aish.com,200
albertapressleader.ca,exception
altnewsmedia.net,200
amac.us,200
a1apac.org,200
americarisingpac.org,200
aclj.org,200
americanconsequences.com,200
conservative.org,403
aei.org,200
americansforprosperity.org,200
atr.org,403
afpc.org,200
amgreatness.com,200
americanjournaldaily.com,200
alec.org,200
spectator.org,200
amimagazine.org,200
ammoland.com,403
aa.com.tr,exception
arizonadailyindependent.com,200
armstrongeconomics.com,200
asianews.it,200
aina.org,200
badgerinstitute.org,200
bearingarms.com,200
beliefnet.com,200
bizpacreview.com,520
blabber.buzz,200
bluelivesmatter.blue,403
boundingintocomics.com,200
brownstone.org,200
buzzsawpolitics.com,200
c2cjournal.ca,403
campaignlifecoalition.com,200
campusreform.org,200
capitalresearch.org,200
freedomandprosperity.org,406
americanexperiment.org,200
cc.org,200
christiannewsalerts.com,403
christianpost.com,200
christiantoday.com,200
chroniclesmagazine.org,200
citizenfreepress.com,200
cagw.org,200
citizensunited.org,200
city-journal.org,200
nccivitas.org,403
claremont.org,200
colddeadhands.us,200
commentarymagazine.com,200
conservativebrief.com,200
conservativefighters.co,403
conservativehome.com,403
conservativehq.com,200
conservativeinstitute.org,403
conservativeopinion.com,200
cpi.org,200
conservativereview.com,200
conservativetoday.com,exception
crimeresearch.org,200
crisismagazine.com,403
thedailyliberator.com,exception
dailyreckoning.com,200
dailysignal.com,200
telegraph.co.uk,200
dcstatesman.com,404
dailytorch.com,403
telegraaf.nl,403
disrn.com,exception
dmlnews.com,403
donaldjtrump.com,200
eagleactionreport.com,exception
epnewsleader.com,200
economicpolicyjournal.com,200
egypttoday.com,200
energycitizens.org,403
erlc.com,403
factsandlogic.org,406
faithwire.com,200
fakehatecrimes.org,200
farleftwatch.com,406
fedsoc.org,200
firstthings.com,200
defenddemocracy.org,403
foxnews.com,200
freedomworks.org,200
ff.org,200
futureinamerica.com,200
fff.org,403
getreligion.org,200
gopusa.com,200
g-a-i.org,200
news.grabien.com,200
greatamericanpolitics.com,200
order-order.com,200
heritage.org,200
hermancain.com,404
hotair.com,200
hudson.org,200
humanevents.com,200
hurriyet.com.tr,200
hurriyetdailynews.com,200
ibleedredwhiteblue.com,406
illinoispolicy.org,200
imprimis.hillsdale.edu,200
ijr.org,200
iwf.org,403
influencewatch.org,200
ifstudies.org,200
intellectualtakeout.org,200
investors.com,200
israelhayom.com,200
issuesinsights.com,200
jewishpolicycenter.org,403
jewishworldreview.com,200
judicialnetwork.com,200
kansaspolicy.org,200
krone.at,200
lawliberty.org,200
lawenforcementtoday.com,200
legalinsurrection.com,403
journaldemontreal.com,200
libertyheadlines.com,200
libertynation.com,403
lifezette.com,200
loneconservative.com,200
manhattan-institute.org,200
mediacircus.com,406
mediaequalizer.com,406
mrc.org,200
mediarightnews.com,200
mercatornet.com,200
milliyet.com.tr,200
theminnesotasun.com,200
ncregister.com,200
nationalcenter.org,200
nfrw.org,200
nationalreview.com,200
newbostonpost.com,200
newsbusters.org,200
nysun.com,200
ngo-monitor.org,200
notthebee.com,200
nraila.org,200
ntknetwork.com,200
offgridsurvival.com,200
oneangrygamer.net,406
ontarioproud.ca,200
openvaers.com,200
opslens.com,200
outkick.com,200
panampost.com,200
pantsonfirenews.com,200
patriotnewsalerts.com,403
patriotretort.com,403
pluralist.com,403
politicalite.com,200
politichicks.com,200
populistwire.com,200
powerlineblog.com,200
conservativesus.party,exception
publicinterestlegal.org,200
quadrant.org.au,200
rd.com,403
americasvoice.news,200
redalertpolitics.com,403
redstate.com,200
ricochet.com,200
rightandfree.com,200
ronpaullibertyreport.com,200
sabah.com.tr,200
newspress.com,403
savejersey.com,200
sentinelksmo.org,200
shorenewsnetwork.com,200
sbgi.net,403
skynews.com.au,200
sonorannews.com,200
southernpatriotnews.com,403
spiked-online.com,200
standpointmag.co.uk,exception
starpolitical.com,exception
steadfastdaily.com,200
tatumreport.com,200
tenthamendmentcenter.com,403
adelaidenow.com.au,200
americafirstpolicy.com,200
americanmind.org,403
thecollegefix.com,200
theconservativenut.gop,exception
theconservativeopinion.com,403
conservativewoman.co.uk,200
dailytelegraph.com.au,200
dc-chronicle.com,200
thefirsttv.com,200
thegreggjarrett.com,403
thehayride.com,200
thehonestpatriot.net,200
theleoterrell.com,403
econlib.org,403
thenationalherald.com,200
thenewamerican.com,200
thenewrevere.com,exception
theohiostar.com,200
patriotpost.us,200
thepostmillennial.com,200
punchingbagpost.com,200
ronpaulinstitute.org,200
thestar.com.my,200
thesun.co.uk,200
tennesseestar.com,200
thetexan.news,200
thetruthaboutguns.com,403
the-sun.com,200
torontosun.com,200
trendingviews.co,200
tnc.news,200
trtworld.com,200
twitchy.com,200
unwatch.org,200
unitynewsnetwork.co.uk,200
updateamerica.com,200
valuetainment.com,403
washingtonexaminer.com,200
freebeacon.com,200
watchdogreport.org,200
weaselzippers.us,200
weeklystandard.com,403
westernstandard.news,200
westmonster.com,200
whatfinger.com,403
wikiislam.net,200
world.wng.org,200
worldtribune.com,403
yellowhammernews.com,200
yaf.org,200
freeworldnews.tv,200
21stcenturywire.com,403
79days.news,200
369news.net,200
911truth.org,200
abovetopsecret.com,200
acallforanuprising.com,200
latitudes.org,200
additudemag.com,200
ageofautism.com,exception
allianceforadvancedhealth.com,200
anh-usa.org,200
altermedzentrum.com,200
thealternativedaily.com,200
amtvmedia.com,200
alternativenews.com,200
althealthworks.com,200
altleft.news,200
americandigitalnews.com,406
americanfreepress.net,200
aim4truth.org,200
amg-news.com,200
americanpolicy.org,200
americasfrontlinedoctors.com,200
ancient-code.com,exception
ancient-origins.net,200
anewspost.com,503
answersingenesis.org,200
anyavien.com,200
apost.com,200
ae911truth.org,200
asia-pacificresearch.com,exception
askingangels.com,200
assassinationscience.com,200
australiannationalreview.com,200
autismspeaks.org,200
banned.video,403
beholdisrael.org,200
bestnewshere.com,200
biggovernment.news,200
biodefense.com,200
biologos.org,200
biotechexpressmag.com,200
blacklistednews.com,200
blckbx.tv,200
bonsens.info,200
brandnewtube.com,200
brighteon.com,200
brightside.me,200
bugout.news/#,200
campusinsanity.com,200
cancer.news,200
catholic.org,200
charismanews.com,200
childrenshealthdefense.org,200
chlorellafactor.com,200
carm.org,200
www1.cbn.com,200
creation.com,200
christianscience.com,200
legitgov.org,200
climatechangedispatch.com,406
climatedepot.com,403
judithcurry.com,200
climatism.blog,200
climate.news,200
cnnsofake.news,200
coasttocoastam.com,200
collapse.news,200
cfact.org,403
consciouslifenews.com,200
conspiracydailyupdate.com,200
consumerwellness.org,200
cosmicintelligenceagency.com,200
counterthink.com,200
geopolitics.co,200
creationwiki.org,200
csglobe.com,200
curiousmindmagazine.com,200
dailygrail.com,200
dailyhealthpost.com,200
dailysceptic.org,200
darkjournalist.com,200
davidicke.com,200
discovery.org,403
disobedientmedia.com,200
doctoroz.com,403
doctors4covidethics.org,200
draxe.com,200
drnorthrup.com,200
earthpulse.com,200
ecology.news,200
educateinspirechange.org,200
educate-yourself.org,200
electroverse.net,416
eluxemagazine.com,200
ewg.org,200
escapeallthesethings.com,200
eugenics.news,200
europereloaded.com,200
godandscience.org,406
evolutionnews.org,403
fabiosa.com,exception
faithit.com,200
faithpanda.com,200
ff911truthandunity.org,200
foodbabe.com,200
foodmatters.com,200
food.news,200
foreverconscious.com,403
thefreethoughtproject.com,200
freedomadvocates.org,200
freedomainradio.com,403
friendsofscience.org,200
fromthetrenchesworldreport.com,200
covid19criticalcare.com,403
gaia.com,200
gender.news,200
geoengineering.news,200
geoengineeringwatch.org,403
getholistichealth.com,200
glitch.news,200
globalresearch.ca,exception
globalskywatch.com,200
gmowatch.com,200
gmwatch.org,200
godlikeproductions.com,403
goop.com,503
gotquestions.org,403
govtslaves.com,200
greenmedinfo.com,200
greenpeace.org,200
gulagbound.com,200
haarp.net,200
healthandmoneynews.wordpress.com,410
healingfoodreference.com,200
healingoracle.ch,200
healthimpactnews.com,200
health.news,200
healthrangerreport.com,200
hsionline.com,200
healthyandnaturalworld.com,200
healthyfoodhouse.com,200
healthy-holistic-living.com,403
savethemales.ca,200
herb.co,200
herbreference.com,200
homeopathyjournal.net,200
homevaccineeducationnetwork.com,200
humansarefree.com,200
iceagenow.info,200
ihealthtube.com,200
iheartintelligence.com,200
illuminatiwatcher.com,200
independentsciencenews.org,403
infiniteunknown.net,200
informationclearinghouse.info,200
ingredients.news,200
icr.org,200
responsibletechnology.org,200
intellihub.com,200
climatescienceinternational.org,200
investmentwatchblog.com,200
iowaclimate.org,200
irishsentinel.com,exception
israel365news.com,200
israelislamandendtimes.com,406
jedanews.com,200
jesusdaily.com,200
jesus-is-savior.com,200
joebiden.news,200
junkscience.com,200
larouchepac.com,200
learntherisk.org,200
leftcult.com,200
lesmoutonsrebelles.com,200
liberty.news,200
libertyplanets.com,403
libertyvideos.org,200
libtards.news,200
lifespa.com,403
littlethings.com,200
liveaction.org,200
livestrong.com,200
livingwhole.org,200
mediafactwatch.com,200
mediaroots.org,200
medicalcensorship.com,200
medicaldaily.com,200
medicalmedium.com,200
medicine.news,200
mercola.com,403
mindbodygreen.com,200
modernalternativemama.com,200
nationalfile.com,200
nationalsecurity.news,200
nvic.org,200
naturalawakeningsmag.com,200
naturalcures.com,200
naturalhealth365.com,403
naturalmedicine.news,200
naturalnewsblogs.com,200
naturalnewsradio.com,200
naturalpedia.com,200
naturalsociety.com,200
naturallysavvy.com,403
needtoknow.news,200
neuronation.com,200
newamericannews.com,406
newsinsideout.com,200
newstarget.com,200
newsbud.com,200
nomorefakenews.com,200
notrickszone.com,200
nutrientreference.com,200
nutritionfacts.org,200
occupyyourself.org,503
off-guardian.org,200
online-updates.net,406
organicconsumers.org,200
organicfacts.net,200
ourhealthguides.com,exception
oye.news,200
pandemic.news,200
patriots4truth.org,200
pollution.news,200
prepareforchange.net,200
pressfortruth.ca,406
prevention.com,200
principia-scientific.org,406
pdmj.org,200
prisonplanet.com,200
prophecynewswatch.com,200
prophecytoday.com,200
qanon.pub,200
randpaul.news,200
realjewnews.com,200
realnews24.com,200
realfarmacy.com,200
redoubtnews.com,200
redpillpodcasts.com,200
rense.com,200
returntonow.net,200
revolutionradio.org,200
sanevax.org,200
santeplusmag.com,200
science.news,200
sciencevibe.com,406
sgtreport.com,200
sheepkillers.com,200
shoebat.com,200
sott.net,200
skeptiko.com,200
snopes.news,200
southfront.org,200
space.news,200
sitsshow.blogspot.com,404
stormfront.org,403
supplementreference.com,200
sustainablepulse.com,200
swprs.org,200
talknetwork.com,200
technocracy.news,200
theantimedia.com,200
theautomaticearth.com,403
thecommonsenseshow.com,200
corbettreport.com,200
dailyexpose.co.uk,200
thedailysheeple.com,exception
thefullertoninformer.com,200
greanvillepost.com,200
healthranger.com,200
thehealthyamerican.org,200
theheartysoul.com,200
thehighwire.com,200
thelibertybeacon.com,200
themindunleashed.org,403
thepulse.one,200
thepuristonline.com,200
therundownlive.com,200
stream.org,200
thetrumpet.com,200
thetruthaboutcancer.com,200
thetruthseeker.co.uk,200
thevaccinereaction.org,200
vermontindependent.org,406
wakingtimes.com,200
thinkinghumanity.com,200
thoughtcatalog.com,200
thoughtcrimeradio.net,200
thriveglobal.com,200
thrivemovement.com,200
treason.news,200
trialsitenews.com,200
truepundit.com,200
truth11.com,200
twisted.news,200
ukcolumn.org,200
usahitman.com,200
usawatchdog.com,200
vaccineimpact.com,200
vaccines.news,200
vaccinepapers.org,200
vaccinesrevealed.com,200
vaccinesafety.info,200
vactruth.com,403
vaxxter.com,200
veteranstoday.com,200
vigilantcitizen.com,403
votefraud.news,200
wattsupwiththat.com,200
westonaprice.org,403
whatreallyhappened.com,200
whitehouse.news,200
wikispooks.com,200
worldaffairsbrief.com,200
worldcouncilforhealth.org,200
worlddoctorsalliance.com,200
worldhealth.net,200
worldlifestyle.com,200
worldviewweekend.com,200
x22report.com,403
24jours.com,200
us24news.com,200
acting-man.com,200
actionnews3.com,200
activistmommy.com,403
adareporter.com,403
adamscountytimes.com,403
english.alarabiya.net,200
albanystandard.com,403
albawaba.com,200
english.almanar.com.lb,200
youm7.com,200
americamaxnews.com,200
afn.net,200
americanlibertyreport.com,403
amestoday.com,403
andersonreporter.com,403
antelopevalleytoday.com,403
arabnews.com,200
aroostooknews.com,403
athensreporter.com,403
atlstandard.com,403
auburntimes.com,403
batonrougereporter.com,403
beachbroadcastnews.com,200
bentontimes.com,403
bigislandtimes.com,403
bloomingtonleader.com,403
breitbart.com,200
c19bromhexine.com,200
c19colchicine.com,200
c19nitazoxanide.com,200
c19proxalutamide.com,200
c19quercetin.com,200
c19regn.com,200
c19rmd.com,200
c19vitaminc.com,200
carbondalereporter.com,403
english.cctv.com,200
cdareporter.com,403
centennialstatenews.com,403
centralcoloradonews.com,403
centralgeorgianews.com,403
centraliowatimes.com,403
centraloctimes.com,403
chicotimes.com,403
chinadaily.com.cn,403
citizensjournal.us,200
constative.com,200
corona-transition.org,200
c19early.com,200
dagospia.com,200
dailymail.co.uk,200
desmoinessun.com,403
diamondandsilkinc.com,200
dupagepolicyjournal.com,403
duvaltimes.com,403
eastalamedanews.com,403
eastarapahoenews.com,403
eastarizonanews.com,403
ecalabamanews.com,403
eastcentralreporter.com,403
eastcontracostanews.com,403
easthillsboroughnews.com,403
eastidahotimes.com,403
eastindynews.com,403
eciowanews.com,403
eastkentuckytimes.com,403
eastlittlerocktimes.com,403
eastlouisvillenews.com,403
eastpanhandlenews.com,403
eastpennyroyalnews.com,403
eastsandiegonews.com,403
eastsbvtimes.com,403
eastsfvtoday.com,403
eastsierranews.com,403
eastventuranews.com,403
eastvolusianews.com,403
ecindiananews.com,403
eckansasnews.com,403
elizabethtowntimes.com,403
elkharttimes.com,403
emeraldcoasttimes.com,403
filmingcops.com,exception
fireboebert.com,200
firstinfreedomdaily.com,403
firststatetimes.com,403
fl24.net,200
floridaparishnews.com,403
fortsmithtimes.com,403
frankspeech.com,403
freewestmedia.com,200
fresnoleader.com,403
friatider.se,200
galesburgreporter.com,403
gemstatewire.com,403
gettr.com,200
gnews.org,200
goldenstatetoday.com,403
gopdailybrief.com,200
grandcanyontimes.com,403
grandjunctiontimes.com,403
greatreject.org,200
honolulureporter.com,403
houmathibodauxnews.com,403
huntsvilleleader.com,403
iharare.com,200
imperialcanews.com,403
indystandard.com,403
informer.rs,200
jocotoday.com,403
kankakeetimes.com,403
kendallcountytimes.com,403
kerncountytimes.com,403
keywestreporter.com,403
knightstemplarinternational.com,200
lafayettereporter.com,403
lafayettetimes.com,403
larimernews.com,403
lastfrontiernews.com,403
lawrencereporter.com,403
laxleader.com,403
libertyhangout.org,403
libertynews.com,200
lifenews.com,403
lifesitenews.com,200
lindelltv.com,403
littleappletimes.com,403
liveleak.com,200
louisvillecitywire.com,403
lowedeltanews.com,403
maconreporter.com,403
macontimes.com,403
magicvalleytimes.com,403
mainedailynews.com,200
mainehighlandsnews.com,403
mainelakesnews.com,403
mainstreamfakemedia.com,200
manateereview.com,403
marinleader.com,403
matsutimes.com,403
mauireporter.com,403
mchenrytimes.com,403
mcleancountytimes.com,403
mercedtimes.com,403
en.mercopress.com,200
metricmedianews.com,200
metroeastsun.com,403
metrolexnews.com,403
miamicourant.com,403
mobilecourant.com,403
naugatucktimes.com,403
nckansasnews.com,403
ncindiananews.com,403
nckentuckynews.com,403
nealabamanews.com,403
neatlantanews.com,403
neconnnews.com,403
nekansasnews.com,403
nekentuckynews.com,403
nelouisiananews.com,403
newsmax.com,200
newsview.gr,200
nolareporter.com,403
northacadiananews.com,403
northalaskanews.com,403
northbirminghamtimes.com,403
northbrowardnews.com,403
northcoastcanews.com,403
northcooknews.com,403
northegyptnews.com,403
northfultontoday.com,403
northinlandnews.com,403
northkentuckynews.com,403
northlaketimes.com,403
northmianews.com,403
northpalmbeachtoday.com,403
northpanhandlenews.com,403
northnewcastlenews.com,403
northsfvtoday.com,403
northsgvnews.com,403
northshorelanews.com,403
ntd.tv,200
nwalabamanews.com,403
nwillinoisnews.com,403
nwkansasnews.com,403
nwlouisiananews.com,403
nwvalleytimes.com,403
okeechobeetimes.com,403
origo.hu,200
orlandostandard.com,403
palmcoasttimes.com,403
panamacityreporter.com,403
pascoreporter.com,403
patriotfetch.com,200
patriotjournal.org,200
peachtreetimes.com,403
pelicanstatenews.com,403
pjmedia.com,200
prairiestatewire.com,403
en.protothema.gr,200
redorbit.com,200
reformedmedia.net,200
renewedright.com,200
resistthemainsteam.org,exception
rsbnetwork.com,200
ripostelaique.com,200
riverbendtimes.com,403
riverparishnews.com,403
riverregiontimes.com,403
rockfordsun.com,403
romereporter.com,403
salemnewswire.com,403
sangamonsun.com,403
savannahstandard.com,403
scalaskanews.com,403
seatlantanews.com,403
scconnnews.com,403
sckansasnews.com,403
sealaskanews.com,403
searizonanews.com,403
sebluegrassnews.com,403
secoloradonews.com,403
segeorgianews.com,403
seillinoisnews.com,403
seindiananews.com,403
seiowanews.com,403
sekansasnews.com,403
sfvtoday.com,403
sgvstandard.com,403
shoalstoday.com,403
shreveportreporter.com,403
sloreporter.com,403
southalamedanews.com,403
southbayleader.com,403
southbaysdnews.com,403
southbendtimes.com,403
southalabamatimes.com,403
southcentralreporter.com,403
southcooknews.com,403
southernindianatoday.com,403
southdsmnews.com,403
southgeorgiatimes.com,403
southindynews.com,403
southiowanews.com,403
southnewcastlenews.com,403
southorlandonews.com,403
southpalmbeachtoday.com,403
southpinellastimes.com,403
southsactoday.com,403
southsfbaynews.com,403
southsgvnews.com,403
swillinoisnews.com,403
southwichitanews.com,403
springstimes.com,403
stpetestandard.com,403
steadfastandloyal.com,200
steadfastclash.com,200
southbirminghamtimes.com,403
southfultontoday.com,403
southoctimes.com,403
southpimanews.com,403
southsfvtoday.com,403
strategic-culture.org,200
sunflowerstatenews.com,403
swalaskanews.com,403
swarizonanews.com,403
swbluegrassnews.com,403
swiowatimes.com,403
swkansasnews.com,403
swlouisiananews.com,403
swvalleytimes.com,403
syriana-analysis.com,200
thebl.com,200
thecountersignal.com,200
thedesertreview.com,200
theepochtimes.com,200
thefederalist.com,403
thefrisky.com,200
thejeffreylord.com,403
joerogan.com,200
thelibertyloft.com,403
thepatriotnation.net,200
theproudliberal.org,200
theragingpatriot.org,403
rebelnews.com,200
rfangle.com,200
theregionnews.com,403
therightscoop.com,403
thetruedefender.com,200
thetruereporter.com,200
toofab.com,200
topekasun.com,403
treasurecoastsun.com,403
vancouvertimes.org,200
wcgeorgianews.com,403
weibo.com,200
westatlantanews.com,403
westcentralreporter.com,403
westcooknews.com,403
westdsmnews.com,403
westeldoradonews.com,403
westflnews.com,403
westhillsboroughnews.com,403
westindynews.com,403
westlatimes.com,403
westpennyroyalnews.com,403
westsbvtimes.com,403
westsfvtoday.com,403
westsgvnews.com,403
westventuranews.com,403
westvolusianews.com,403
whatregistrater.com/xq289,exception
whatstheharm.net,200
wichitastandard.com,403
willcountygazette.com,403
winecountrytimes.com,403
wingsoverscotland.com,200
wiregrasstimes.com,403
worldgreynews.com,200
wyandottetimes.com,403
yavapainews.com,403
yellowhammertimes.com,403
yaliberty.org,403
yournews.com,200
yubasuttertimes.com,403
